event_simpleName,field,sample_events_seen
AccessoryConnected,AccessoryConnectionType,1
AccessoryConnected,ComputerName,1
AccessoryConnected,ConfigBuild,1
AccessoryConnected,ConfigStateHash,1
AccessoryConnected,ContextTimeStamp,1
AccessoryConnected,DeviceInstanceId,1
AccessoryConnected,DeviceManufacturer,1
AccessoryConnected,DeviceProduct,1
AccessoryConnected,DevicePropertyFriendlyName,1
AccessoryConnected,EffectiveTransmissionClass,1
AccessoryConnected,Entitlements,1
AccessoryConnected,EventOrigin,1
AccessoryConnected,SerialNumber,1
AccessoryConnected,aid,1
AccessoryConnected,aip,1
AccessoryConnected,cid,1
AccessoryConnected,event_platform,1
AccessoryConnected,event_simpleName,1
AccessoryConnected,id,1
AccessoryConnected,name,1
AccessoryConnected,timestamp,1
ActiveDirectoryAccountCreated,AccountDomain,1
ActiveDirectoryAccountCreated,AccountObjectGuid,1
ActiveDirectoryAccountCreated,AccountObjectSid,1
ActiveDirectoryAccountCreated,ContextTimeStamp,1
ActiveDirectoryAccountCreated,SamAccountName,1
ActiveDirectoryAccountCreated,aid,1
ActiveDirectoryAccountCreated,aip,1
ActiveDirectoryAccountCreated,cid,1
ActiveDirectoryAccountCreated,event_platform,1
ActiveDirectoryAccountCreated,event_simpleName,1
ActiveDirectoryAccountCreated,id,1
ActiveDirectoryAccountCreated,name,1
ActiveDirectoryAccountCreated,timestamp,1
AdditionalHostInfo,ConfigBuild,1
AdditionalHostInfo,ConfigStateHash,1
AdditionalHostInfo,EffectiveTransmissionClass,1
AdditionalHostInfo,Entitlements,1
AdditionalHostInfo,ErrorCode,1
AdditionalHostInfo,EventOrigin,1
AdditionalHostInfo,LocalAddressIP4,1
AdditionalHostInfo,UserName,1
AdditionalHostInfo,UserPrincipal,1
AdditionalHostInfo,aid,1
AdditionalHostInfo,aip,1
AdditionalHostInfo,cid,1
AdditionalHostInfo,event_platform,1
AdditionalHostInfo,event_simpleName,1
AdditionalHostInfo,id,1
AdditionalHostInfo,name,1
AdditionalHostInfo,timestamp,1
AgentConnect,ConfigBuild,1
AgentConnect,ConfigIDBase,1
AgentConnect,ConfigIDBuild,1
AgentConnect,ConfigIDPlatform,1
AgentConnect,ConfigStateHash,1
AgentConnect,ConfigurationVersion,1
AgentConnect,ConnectTime,1
AgentConnect,ConnectType,1
AgentConnect,EffectiveTransmissionClass,1
AgentConnect,Entitlements,1
AgentConnect,FailedConnectCount,1
AgentConnect,NetworkContainmentState,1
AgentConnect,PreviousConnectTime,1
AgentConnect,ProvisionState,1
AgentConnect,VerifiedCertificate,1
AgentConnect,aid,1
AgentConnect,aip,1
AgentConnect,cid,1
AgentConnect,event_platform,1
AgentConnect,event_simpleName,1
AgentConnect,id,1
AgentConnect,name,1
AgentConnect,timestamp,1
AgentOnline,AgentLoadFlags,1
AgentOnline,AgentLocalTime,1
AgentOnline,AgentVersion,1
AgentOnline,BiosManufacturer,1
AgentOnline,BiosReleaseDate,1
AgentOnline,BiosVersion,1
AgentOnline,ChasisManufacturer,1
AgentOnline,ChassisType,1
AgentOnline,ComputerName,1
AgentOnline,ConfigBuild,1
AgentOnline,ConfigIDBase,1
AgentOnline,ConfigIDBuild,1
AgentOnline,ConfigIDPlatform,1
AgentOnline,ConfigStateHash,1
AgentOnline,ConfigurationVersion,1
AgentOnline,ContextTimeStamp,1
AgentOnline,CpuFeaturesMask,1
AgentOnline,CpuSignature,1
AgentOnline,CpuVendor,1
AgentOnline,EffectiveTransmissionClass,1
AgentOnline,Entitlements,1
AgentOnline,MicrocodeSignature,1
AgentOnline,MoboManufacturer,1
AgentOnline,MoboProductName,1
AgentOnline,ProvisionState,1
AgentOnline,SensorGroupingTags,1
AgentOnline,SystemManufacturer,1
AgentOnline,SystemProductName,1
AgentOnline,SystemSerialNumber,1
AgentOnline,SystemSku,1
AgentOnline,TargetFileName,1
AgentOnline,aid,1
AgentOnline,aip,1
AgentOnline,cid,1
AgentOnline,event_platform,1
AgentOnline,event_simpleName,1
AgentOnline,id,1
AgentOnline,name,1
AgentOnline,timestamp,1
AgenticSessionStart,AgentType,1
AgenticSessionStart,AgenticDataSource,1
AgenticSessionStart,AgenticHookVersion,1
AgenticSessionStart,AgenticModel,1
AgenticSessionStart,AgenticProduct,1
AgenticSessionStart,AgenticSessionId,1
AgenticSessionStart,AgenticWorkingDirectory,1
AgenticSessionStart,ComputerName,1
AgenticSessionStart,ConfigBuild,1
AgenticSessionStart,ConfigStateHash,1
AgenticSessionStart,ContextProcessId,1
AgenticSessionStart,ContextTimeStamp,1
AgenticSessionStart,EffectiveTransmissionClass,1
AgenticSessionStart,Entitlements,1
AgenticSessionStart,EventOrigin,1
AgenticSessionStart,LogonDomain,1
AgenticSessionStart,RawProcessId,1
AgenticSessionStart,UserSid,1
AgenticSessionStart,aid,1
AgenticSessionStart,aip,1
AgenticSessionStart,cid,1
AgenticSessionStart,event_platform,1
AgenticSessionStart,event_simpleName,1
AgenticSessionStart,id,1
AgenticSessionStart,name,1
AgenticSessionStart,timestamp,1
AppProtocolDetected,ContextProcessId,1
AppProtocolDetected,ContextTimeStamp,1
AppProtocolDetected,LocalAddressIP4,1
AppProtocolDetected,LocalPort,1
AppProtocolDetected,RemoteAddressIP4,1
AppProtocolDetected,RemotePort,1
AppProtocolDetected,UserName,1
AppProtocolDetected,UserPrincipal,1
AppProtocolDetected,aid,1
AppProtocolDetected,aip,1
AppProtocolDetected,cid,1
AppProtocolDetected,event_platform,1
AppProtocolDetected,event_simpleName,1
AppProtocolDetected,id,1
AppProtocolDetected,name,1
AppProtocolDetected,timestamp,1
AppleScriptFileWritten,ConfigBuild,1
AppleScriptFileWritten,ConfigStateHash,1
AppleScriptFileWritten,ContextProcessId,1
AppleScriptFileWritten,ContextTimeStamp,1
AppleScriptFileWritten,EffectiveTransmissionClass,1
AppleScriptFileWritten,Entitlements,1
AppleScriptFileWritten,EventOrigin,1
AppleScriptFileWritten,FileCategory,1
AppleScriptFileWritten,FileIdentifier,1
AppleScriptFileWritten,IsOnRemovableDisk,1
AppleScriptFileWritten,LocalAddressIP4,1
AppleScriptFileWritten,Size,1
AppleScriptFileWritten,TargetFileName,1
AppleScriptFileWritten,UserName,1
AppleScriptFileWritten,UserPrincipal,1
AppleScriptFileWritten,aid,1
AppleScriptFileWritten,aip,1
AppleScriptFileWritten,cid,1
AppleScriptFileWritten,event_platform,1
AppleScriptFileWritten,event_simpleName,1
AppleScriptFileWritten,id,1
AppleScriptFileWritten,name,1
AppleScriptFileWritten,timestamp,1
AsepFileChange,ConfigBuild,2
AsepFileChange,ConfigStateHash,2
AsepFileChange,ContextProcessId,2
AsepFileChange,ContextThreadId,2
AsepFileChange,ContextTimeStamp,2
AsepFileChange,EffectiveTransmissionClass,2
AsepFileChange,Entitlements,2
AsepFileChange,SHA256HashData,2
AsepFileChange,Size,2
AsepFileChange,TargetFileName,2
AsepFileChange,VnodeModificationType,2
AsepFileChange,aid,2
AsepFileChange,aip,2
AsepFileChange,cid,2
AsepFileChange,event_platform,2
AsepFileChange,event_simpleName,2
AsepFileChange,id,2
AsepFileChange,name,2
AsepFileChange,timestamp,2
AsepFileChangeScanInfo,ConfigBuild,1
AsepFileChangeScanInfo,ConfigStateHash,1
AsepFileChangeScanInfo,ContextProcessId,1
AsepFileChangeScanInfo,ContextTimeStamp,1
AsepFileChangeScanInfo,EffectiveTransmissionClass,1
AsepFileChangeScanInfo,Entitlements,1
AsepFileChangeScanInfo,EventOrigin,1
AsepFileChangeScanInfo,FileContent,1
AsepFileChangeScanInfo,LocalAddressIP4,1
AsepFileChangeScanInfo,SHA256HashData,1
AsepFileChangeScanInfo,Size,1
AsepFileChangeScanInfo,TargetFileName,1
AsepFileChangeScanInfo,UserName,1
AsepFileChangeScanInfo,UserPrincipal,1
AsepFileChangeScanInfo,VnodeModificationType,1
AsepFileChangeScanInfo,aid,1
AsepFileChangeScanInfo,aip,1
AsepFileChangeScanInfo,cid,1
AsepFileChangeScanInfo,event_platform,1
AsepFileChangeScanInfo,event_simpleName,1
AsepFileChangeScanInfo,id,1
AsepFileChangeScanInfo,name,1
AsepFileChangeScanInfo,timestamp,1
AsepKeyUpdate,AsepClass,1
AsepKeyUpdate,AsepFlags,1
AsepKeyUpdate,AsepIndex,1
AsepKeyUpdate,AsepValueType,1
AsepKeyUpdate,AuthenticationId,1
AsepKeyUpdate,ConfigBuild,1
AsepKeyUpdate,ConfigStateHash,1
AsepKeyUpdate,ContextProcessId,1
AsepKeyUpdate,ContextThreadId,1
AsepKeyUpdate,ContextTimeStamp,1
AsepKeyUpdate,EffectiveTransmissionClass,1
AsepKeyUpdate,Entitlements,1
AsepKeyUpdate,EventOrigin,1
AsepKeyUpdate,RegObjectName,1
AsepKeyUpdate,RegOperationType,1
AsepKeyUpdate,TokenType,1
AsepKeyUpdate,aid,1
AsepKeyUpdate,aip,1
AsepKeyUpdate,cid,1
AsepKeyUpdate,event_platform,1
AsepKeyUpdate,event_simpleName,1
AsepKeyUpdate,id,1
AsepKeyUpdate,name,1
AsepKeyUpdate,timestamp,1
AsepValueUpdate,AsepClass,1
AsepValueUpdate,AsepFlags,1
AsepValueUpdate,AsepIndex,1
AsepValueUpdate,AsepValueType,1
AsepValueUpdate,AuthenticationId,1
AsepValueUpdate,ConfigBuild,1
AsepValueUpdate,ConfigStateHash,1
AsepValueUpdate,ContextProcessId,1
AsepValueUpdate,ContextThreadId,1
AsepValueUpdate,ContextTimeStamp,1
AsepValueUpdate,Data1,1
AsepValueUpdate,EffectiveTransmissionClass,1
AsepValueUpdate,Entitlements,1
AsepValueUpdate,EventOrigin,1
AsepValueUpdate,RegObjectName,1
AsepValueUpdate,RegOperationType,1
AsepValueUpdate,RegStringValue,1
AsepValueUpdate,RegType,1
AsepValueUpdate,RegValueName,1
AsepValueUpdate,TargetCommandLineParameters,1
AsepValueUpdate,TargetFileName,1
AsepValueUpdate,TargetSHA256HashData,1
AsepValueUpdate,TokenType,1
AsepValueUpdate,aid,1
AsepValueUpdate,aip,1
AsepValueUpdate,cid,1
AsepValueUpdate,event_platform,1
AsepValueUpdate,event_simpleName,1
AsepValueUpdate,id,1
AsepValueUpdate,name,1
AsepValueUpdate,timestamp,1
AsifFileWritten,ConfigBuild,1
AsifFileWritten,ConfigStateHash,1
AsifFileWritten,ContextProcessId,1
AsifFileWritten,ContextTimeStamp,1
AsifFileWritten,EffectiveTransmissionClass,1
AsifFileWritten,Entitlements,1
AsifFileWritten,EventOrigin,1
AsifFileWritten,FileCategory,1
AsifFileWritten,FileIdentifier,1
AsifFileWritten,IsOnRemovableDisk,1
AsifFileWritten,LocalAddressIP4,1
AsifFileWritten,Size,1
AsifFileWritten,TargetFileName,1
AsifFileWritten,UserName,1
AsifFileWritten,UserPrincipal,1
AsifFileWritten,aid,1
AsifFileWritten,aip,1
AsifFileWritten,cid,1
AsifFileWritten,event_platform,1
AsifFileWritten,event_simpleName,1
AsifFileWritten,id,1
AsifFileWritten,name,1
AsifFileWritten,timestamp,1
AwsEc2Instance,AwsImageId,1
AwsEc2Instance,AwsInstanceId,1
AwsEc2Instance,AwsInstanceState,1
AwsEc2Instance,AwsInstanceType,1
AwsEc2Instance,AwsOwnerId,1
AwsEc2Instance,AwsPrivateIPAddress,1
AwsEc2Instance,AwsPublicIpAddress,1
AwsEc2Instance,AwsRegion,1
AwsEc2Instance,AwsSubnetId,1
AwsEc2Instance,AwsVpcId,1
AwsEc2Instance,ComputerName,1
AwsEc2Instance,ConfigBuild,1
AwsEc2Instance,ConfigStateHash,1
AwsEc2Instance,EffectiveTransmissionClass,1
AwsEc2Instance,Entitlements,1
AwsEc2Instance,EventOrigin,1
AwsEc2Instance,aid,1
AwsEc2Instance,aip,1
AwsEc2Instance,cid,1
AwsEc2Instance,event_platform,1
AwsEc2Instance,event_simpleName,1
AwsEc2Instance,id,1
AwsEc2Instance,name,1
AwsEc2Instance,timestamp,1
AzureIpConfiguration,AzureIpConfigurationId,1
AzureIpConfiguration,AzureIpConfigurationName,1
AzureIpConfiguration,AzurePrivateIpAddress,1
AzureIpConfiguration,AzureSubscriptionId,1
AzureIpConfiguration,ComputerName,1
AzureIpConfiguration,ConfigBuild,1
AzureIpConfiguration,ConfigStateHash,1
AzureIpConfiguration,EffectiveTransmissionClass,1
AzureIpConfiguration,Entitlements,1
AzureIpConfiguration,EventOrigin,1
AzureIpConfiguration,aid,1
AzureIpConfiguration,aip,1
AzureIpConfiguration,cid,1
AzureIpConfiguration,event_platform,1
AzureIpConfiguration,event_simpleName,1
AzureIpConfiguration,id,1
AzureIpConfiguration,name,1
AzureIpConfiguration,timestamp,1
AzurePublicIpAddress,AzureIpAddress,1
AzurePublicIpAddress,AzureLocation,1
AzurePublicIpAddress,AzureResourceGroup,1
AzurePublicIpAddress,AzureSubscriptionId,1
AzurePublicIpAddress,ComputerName,1
AzurePublicIpAddress,ConfigBuild,1
AzurePublicIpAddress,ConfigStateHash,1
AzurePublicIpAddress,EffectiveTransmissionClass,1
AzurePublicIpAddress,Entitlements,1
AzurePublicIpAddress,EventOrigin,1
AzurePublicIpAddress,aid,1
AzurePublicIpAddress,aip,1
AzurePublicIpAddress,cid,1
AzurePublicIpAddress,event_platform,1
AzurePublicIpAddress,event_simpleName,1
AzurePublicIpAddress,id,1
AzurePublicIpAddress,name,1
AzurePublicIpAddress,timestamp,1
AzureVirtualMachine,AzureLocation,1
AzureVirtualMachine,AzureResourceGroup,1
AzureVirtualMachine,AzureResourceId,1
AzureVirtualMachine,AzureSubscriptionId,1
AzureVirtualMachine,AzureVMName,1
AzureVirtualMachine,AzureVMSize,1
AzureVirtualMachine,AzureVmId,1
AzureVirtualMachine,ComputerName,1
AzureVirtualMachine,ConfigBuild,1
AzureVirtualMachine,ConfigStateHash,1
AzureVirtualMachine,EffectiveTransmissionClass,1
AzureVirtualMachine,Entitlements,1
AzureVirtualMachine,EventOrigin,1
AzureVirtualMachine,aid,1
AzureVirtualMachine,aip,1
AzureVirtualMachine,cid,1
AzureVirtualMachine,event_platform,1
AzureVirtualMachine,event_simpleName,1
AzureVirtualMachine,id,1
AzureVirtualMachine,name,1
AzureVirtualMachine,timestamp,1
BITSJobCreated,AuthenticationId,1
BITSJobCreated,ConfigBuild,1
BITSJobCreated,ConfigStateHash,1
BITSJobCreated,ContextProcessId,1
BITSJobCreated,ContextThreadId,1
BITSJobCreated,ContextTimeStamp,1
BITSJobCreated,EffectiveTransmissionClass,1
BITSJobCreated,Entitlements,1
BITSJobCreated,EventOrigin,1
BITSJobCreated,InterfaceGuid,1
BITSJobCreated,InterfaceVersion,1
BITSJobCreated,RpcClientProcessId,1
BITSJobCreated,RpcClientThreadId,1
BITSJobCreated,RpcNestingLevel,1
BITSJobCreated,RpcOpNum,1
BITSJobCreated,TargetFileName,1
BITSJobCreated,TokenType,1
BITSJobCreated,UserName,1
BITSJobCreated,aid,1
BITSJobCreated,aip,1
BITSJobCreated,cid,1
BITSJobCreated,event_platform,1
BITSJobCreated,event_simpleName,1
BITSJobCreated,id,1
BITSJobCreated,name,1
BITSJobCreated,timestamp,1
BZip2FileWritten,ConfigBuild,1
BZip2FileWritten,ConfigStateHash,1
BZip2FileWritten,ContextBaseFileName,1
BZip2FileWritten,ContextProcessId,1
BZip2FileWritten,ContextThreadId,1
BZip2FileWritten,ContextTimeStamp,1
BZip2FileWritten,EffectiveTransmissionClass,1
BZip2FileWritten,Entitlements,1
BZip2FileWritten,EventOrigin,1
BZip2FileWritten,FileCategory,1
BZip2FileWritten,FileIdentifier,1
BZip2FileWritten,IsOnRemovableDisk,1
BZip2FileWritten,Size,1
BZip2FileWritten,TargetFileName,1
BZip2FileWritten,UserName,1
BZip2FileWritten,aid,1
BZip2FileWritten,aip,1
BZip2FileWritten,cid,1
BZip2FileWritten,event_platform,1
BZip2FileWritten,event_simpleName,1
BZip2FileWritten,id,1
BZip2FileWritten,name,1
BZip2FileWritten,timestamp,1
BillingInfo,ActiveCpuCount,1
BillingInfo,BillingType,1
BillingInfo,ConfigBuild,1
BillingInfo,ConfigStateHash,1
BillingInfo,EffectiveTransmissionClass,1
BillingInfo,Entitlements,1
BillingInfo,EventOrigin,1
BillingInfo,LocalAddressIP4,1
BillingInfo,MemoryTotal,1
BillingInfo,UserName,1
BillingInfo,UserPrincipal,1
BillingInfo,aid,1
BillingInfo,aip,1
BillingInfo,cid,1
BillingInfo,event_platform,1
BillingInfo,event_simpleName,1
BillingInfo,id,1
BillingInfo,name,1
BillingInfo,timestamp,1
BmpFileWritten,Attacks,1
BmpFileWritten,Attacks.Tactic,1
BmpFileWritten,Attacks.Technique,1
BmpFileWritten,ConfigBuild,1
BmpFileWritten,ConfigStateHash,1
BmpFileWritten,ContextBaseFileName,1
BmpFileWritten,ContextProcessId,1
BmpFileWritten,ContextTimeStamp,1
BmpFileWritten,EffectiveTransmissionClass,1
BmpFileWritten,Entitlements,1
BmpFileWritten,EventOrigin,1
BmpFileWritten,FileCategory,1
BmpFileWritten,FileIdentifier,1
BmpFileWritten,IsOnRemovableDisk,1
BmpFileWritten,LocalAddressIP4,1
BmpFileWritten,Size,1
BmpFileWritten,TargetFileName,1
BmpFileWritten,UserName,1
BmpFileWritten,UserPrincipal,1
BmpFileWritten,aid,1
BmpFileWritten,aip,1
BmpFileWritten,cid,1
BmpFileWritten,event_platform,1
BmpFileWritten,event_simpleName,1
BmpFileWritten,id,1
BmpFileWritten,name,1
BmpFileWritten,timestamp,1
BrowserInjectedThread,ConfigBuild,1
BrowserInjectedThread,ConfigStateHash,1
BrowserInjectedThread,ContextProcessId,1
BrowserInjectedThread,ContextThreadId,1
BrowserInjectedThread,ContextTimeStamp,1
BrowserInjectedThread,EffectiveTransmissionClass,1
BrowserInjectedThread,Entitlements,1
BrowserInjectedThread,EventOrigin,1
BrowserInjectedThread,InjectedThreadFlag,1
BrowserInjectedThread,RawProcessId,1
BrowserInjectedThread,RawThreadId,1
BrowserInjectedThread,SourceThreadStartAddress,1
BrowserInjectedThread,TargetProcessId,1
BrowserInjectedThread,TargetThreadId,1
BrowserInjectedThread,ThreadStartAddress,1
BrowserInjectedThread,ThreadStartContext,1
BrowserInjectedThread,UserThread,1
BrowserInjectedThread,aid,1
BrowserInjectedThread,aip,1
BrowserInjectedThread,cid,1
BrowserInjectedThread,event_platform,1
BrowserInjectedThread,event_simpleName,1
BrowserInjectedThread,id,1
BrowserInjectedThread,name,1
BrowserInjectedThread,timestamp,1
CabFileWritten,Attacks,1
CabFileWritten,Attacks.Tactic,1
CabFileWritten,Attacks.Technique,1
CabFileWritten,ConfigBuild,1
CabFileWritten,ConfigStateHash,1
CabFileWritten,ContextBaseFileName,1
CabFileWritten,ContextProcessId,1
CabFileWritten,ContextTimeStamp,1
CabFileWritten,EffectiveTransmissionClass,1
CabFileWritten,Entitlements,1
CabFileWritten,EventOrigin,1
CabFileWritten,FileCategory,1
CabFileWritten,FileIdentifier,1
CabFileWritten,IsOnRemovableDisk,1
CabFileWritten,LocalAddressIP4,1
CabFileWritten,Size,1
CabFileWritten,TargetFileName,1
CabFileWritten,UserName,1
CabFileWritten,UserPrincipal,1
CabFileWritten,aid,1
CabFileWritten,aip,1
CabFileWritten,cid,1
CabFileWritten,event_platform,1
CabFileWritten,event_simpleName,1
CabFileWritten,id,1
CabFileWritten,name,1
CabFileWritten,timestamp,1
ChannelActive,ChannelId,1
ChannelActive,ConfigBuild,1
ChannelActive,ConfigStateHash,1
ChannelActive,EffectiveTransmissionClass,1
ChannelActive,Entitlements,1
ChannelActive,EventOrigin,1
ChannelActive,LocalAddressIP4,1
ChannelActive,UserName,1
ChannelActive,UserPrincipal,1
ChannelActive,aid,1
ChannelActive,aip,1
ChannelActive,cid,1
ChannelActive,event_platform,1
ChannelActive,event_simpleName,1
ChannelActive,id,1
ChannelActive,name,1
ChannelActive,timestamp,1
ChannelDataDownloadComplete,CloudErrorCode,1
ChannelDataDownloadComplete,ConfigBuild,1
ChannelDataDownloadComplete,ConfigStateHash,1
ChannelDataDownloadComplete,EffectiveTransmissionClass,1
ChannelDataDownloadComplete,Entitlements,1
ChannelDataDownloadComplete,ErrorText,1
ChannelDataDownloadComplete,EventOrigin,1
ChannelDataDownloadComplete,Id,1
ChannelDataDownloadComplete,LocalAddressIP4,1
ChannelDataDownloadComplete,SHA256HashData,1
ChannelDataDownloadComplete,Status,1
ChannelDataDownloadComplete,TargetFileName,1
ChannelDataDownloadComplete,UserName,1
ChannelDataDownloadComplete,UserPrincipal,1
ChannelDataDownloadComplete,aid,1
ChannelDataDownloadComplete,aip,1
ChannelDataDownloadComplete,cid,1
ChannelDataDownloadComplete,event_platform,1
ChannelDataDownloadComplete,event_simpleName,1
ChannelDataDownloadComplete,id,1
ChannelDataDownloadComplete,name,1
ChannelDataDownloadComplete,timestamp,1
ChannelVersionRequired,ChannelDiffStatus,3
ChannelVersionRequired,ChannelId,3
ChannelVersionRequired,ChannelVersion,3
ChannelVersionRequired,ChannelVersionRequired,3
ChannelVersionRequired,ConfigBuild,3
ChannelVersionRequired,ConfigStateHash,3
ChannelVersionRequired,EffectiveTransmissionClass,3
ChannelVersionRequired,Entitlements,3
ChannelVersionRequired,ErrorCode,3
ChannelVersionRequired,aid,3
ChannelVersionRequired,aip,3
ChannelVersionRequired,cid,3
ChannelVersionRequired,event_platform,3
ChannelVersionRequired,event_simpleName,3
ChannelVersionRequired,id,3
ChannelVersionRequired,name,3
ChannelVersionRequired,timestamp,3
ClassifiedModuleLoad,Attacks,4
ClassifiedModuleLoad,Attacks.Tactic,4
ClassifiedModuleLoad,Attacks.Technique,4
ClassifiedModuleLoad,AuthenticodeHashData,4
ClassifiedModuleLoad,ComputerName,4
ClassifiedModuleLoad,ConfigBuild,4
ClassifiedModuleLoad,ConfigStateHash,4
ClassifiedModuleLoad,ContextProcessId,4
ClassifiedModuleLoad,ContextThreadId,4
ClassifiedModuleLoad,ContextTimeStamp,4
ClassifiedModuleLoad,EffectiveTransmissionClass,4
ClassifiedModuleLoad,Entitlements,4
ClassifiedModuleLoad,EventOrigin,4
ClassifiedModuleLoad,ImageFileName,4
ClassifiedModuleLoad,ImageSignatureLevel,4
ClassifiedModuleLoad,ImageSignatureType,4
ClassifiedModuleLoad,IsProcessInitializing,4
ClassifiedModuleLoad,LocalAddressIP4,4
ClassifiedModuleLoad,MD5HashData,4
ClassifiedModuleLoad,MappedFromUserMode,4
ClassifiedModuleLoad,ModuleCharacteristics,4
ClassifiedModuleLoad,ModuleLoadTelemetryClassification,4
ClassifiedModuleLoad,ModuleSize,4
ClassifiedModuleLoad,OriginalFilename,4
ClassifiedModuleLoad,PrimaryModule,4
ClassifiedModuleLoad,SHA256HashData,4
ClassifiedModuleLoad,SignInfoFlags,4
ClassifiedModuleLoad,TargetImageFileName,4
ClassifiedModuleLoad,TargetProcessId,4
ClassifiedModuleLoad,aid,4
ClassifiedModuleLoad,aip,4
ClassifiedModuleLoad,cid,4
ClassifiedModuleLoad,event_platform,4
ClassifiedModuleLoad,event_simpleName,4
ClassifiedModuleLoad,id,4
ClassifiedModuleLoad,name,4
ClassifiedModuleLoad,timestamp,4
CloudSecurityIOMEvaluation,cid,1
CloudSecurityIOMEvaluation,compliance,1
CloudSecurityIOMEvaluation,compliance.benchmarkNames,1
CloudSecurityIOMEvaluation,compliance.frameworks,1
CloudSecurityIOMEvaluation,compliance.requirements,1
CloudSecurityIOMEvaluation,compliance.sections,1
CloudSecurityIOMEvaluation,compliance.versions,1
CloudSecurityIOMEvaluation,created,1
CloudSecurityIOMEvaluation,crn,1
CloudSecurityIOMEvaluation,event_simpleName,1
CloudSecurityIOMEvaluation,findings,1
CloudSecurityIOMEvaluation,findings.name,1
CloudSecurityIOMEvaluation,findings.value,1
CloudSecurityIOMEvaluation,firstDetected,1
CloudSecurityIOMEvaluation,lastDetected,1
CloudSecurityIOMEvaluation,legacyPolicyId,1
CloudSecurityIOMEvaluation,resource,1
CloudSecurityIOMEvaluation,resource.accountId,1
CloudSecurityIOMEvaluation,resource.captured,1
CloudSecurityIOMEvaluation,resource.cloudProvider,1
CloudSecurityIOMEvaluation,resource.legacyResourceId,1
CloudSecurityIOMEvaluation,resource.legacyResourceTypeId,1
CloudSecurityIOMEvaluation,resource.region,1
CloudSecurityIOMEvaluation,resource.resourceId,1
CloudSecurityIOMEvaluation,resource.resourceType,1
CloudSecurityIOMEvaluation,revision,1
CloudSecurityIOMEvaluation,ruleId,1
CloudSecurityIOMEvaluation,ruleName,1
CloudSecurityIOMEvaluation,severity,1
CloudSecurityIOMEvaluation,status,1
CloudSecurityIOMEvaluation,threat,1
CloudSecurityIOMEvaluation,threat.framework,1
CloudSecurityIOMEvaluation,threat.tactic,1
CloudSecurityIOMEvaluation,threat.tactic.id,1
CloudSecurityIOMEvaluation,threat.tactic.name,1
CloudSecurityIOMEvaluation,threat.tactic.reference,1
CloudSecurityIOMEvaluation,threat.technique,1
CloudSecurityIOMEvaluation,threat.technique.id,1
CloudSecurityIOMEvaluation,threat.technique.name,1
CloudSecurityIOMEvaluation,threat.technique.reference,1
CloudSecurityIOMEvaluation,url,1
CommandHistory,ApplicationName,3
CommandHistory,AuthenticationId,3
CommandHistory,CommandCount,3
CommandHistory,CommandCountMax,3
CommandHistory,CommandHistory,3
CommandHistory,CommandSequence,3
CommandHistory,ConfigBuild,3
CommandHistory,ConfigStateHash,3
CommandHistory,EffectiveTransmissionClass,3
CommandHistory,Entitlements,3
CommandHistory,EventOrigin,3
CommandHistory,FirstCommand,3
CommandHistory,LastAdded,3
CommandHistory,LastDisplayed,3
CommandHistory,LogonType,3
CommandHistory,TargetProcessId,3
CommandHistory,UserName,3
CommandHistory,aid,3
CommandHistory,aip,3
CommandHistory,cid,3
CommandHistory,event_platform,3
CommandHistory,event_simpleName,3
CommandHistory,id,3
CommandHistory,name,3
CommandHistory,timestamp,3
ConfigDownloadComplete,CloudErrorCode,2
ConfigDownloadComplete,ComputerName,2
ConfigDownloadComplete,ConfigBuild,2
ConfigDownloadComplete,ConfigStateHash,2
ConfigDownloadComplete,EffectiveTransmissionClass,2
ConfigDownloadComplete,Entitlements,2
ConfigDownloadComplete,ErrorText,2
ConfigDownloadComplete,EventOrigin,2
ConfigDownloadComplete,Id,2
ConfigDownloadComplete,SHA256HashData,2
ConfigDownloadComplete,Status,2
ConfigDownloadComplete,TargetFileName,2
ConfigDownloadComplete,aid,2
ConfigDownloadComplete,aip,2
ConfigDownloadComplete,cid,2
ConfigDownloadComplete,event_platform,2
ConfigDownloadComplete,event_simpleName,2
ConfigDownloadComplete,id,2
ConfigDownloadComplete,name,2
ConfigDownloadComplete,timestamp,2
ConfigStateUpdate,ConfigBuild,3
ConfigStateUpdate,ConfigStateData,3
ConfigStateUpdate,ConfigStateHash,3
ConfigStateUpdate,EffectiveTransmissionClass,3
ConfigStateUpdate,Entitlements,3
ConfigStateUpdate,aid,3
ConfigStateUpdate,aip,3
ConfigStateUpdate,cid,3
ConfigStateUpdate,event_platform,3
ConfigStateUpdate,event_simpleName,3
ConfigStateUpdate,id,3
ConfigStateUpdate,name,3
ConfigStateUpdate,timestamp,3
ConfigurationProfileModified,ConfigBuild,1
ConfigurationProfileModified,ConfigStateHash,1
ConfigurationProfileModified,ContextProcessId,1
ConfigurationProfileModified,ContextTimeStamp,1
ConfigurationProfileModified,EffectiveTransmissionClass,1
ConfigurationProfileModified,Entitlements,1
ConfigurationProfileModified,EventOrigin,1
ConfigurationProfileModified,ImageFileName,1
ConfigurationProfileModified,LocalAddressIP4,1
ConfigurationProfileModified,ProfileDisplayName,1
ConfigurationProfileModified,ProfileIdentifier,1
ConfigurationProfileModified,ProfileModificationType,1
ConfigurationProfileModified,ProfileScope,1
ConfigurationProfileModified,ProfileSource,1
ConfigurationProfileModified,ProfileUUID,1
ConfigurationProfileModified,ResponsiblePid,1
ConfigurationProfileModified,UserName,1
ConfigurationProfileModified,UserPrincipal,1
ConfigurationProfileModified,aid,1
ConfigurationProfileModified,aip,1
ConfigurationProfileModified,cid,1
ConfigurationProfileModified,event_platform,1
ConfigurationProfileModified,event_simpleName,1
ConfigurationProfileModified,id,1
ConfigurationProfileModified,name,1
ConfigurationProfileModified,timestamp,1
CreateProcessArgs,CommandLine,1
CreateProcessArgs,ConfigBuild,1
CreateProcessArgs,ConfigStateHash,1
CreateProcessArgs,ContextProcessId,1
CreateProcessArgs,ContextThreadId,1
CreateProcessArgs,ContextTimeStamp,1
CreateProcessArgs,EffectiveTransmissionClass,1
CreateProcessArgs,Entitlements,1
CreateProcessArgs,TargetFileName,1
CreateProcessArgs,aid,1
CreateProcessArgs,aip,1
CreateProcessArgs,cid,1
CreateProcessArgs,event_platform,1
CreateProcessArgs,event_simpleName,1
CreateProcessArgs,id,1
CreateProcessArgs,name,1
CreateProcessArgs,timestamp,1
CreateSocket,AddressFamily,1
CreateSocket,ComputerName,1
CreateSocket,ConfigBuild,1
CreateSocket,ConfigStateHash,1
CreateSocket,ContextProcessId,1
CreateSocket,ContextThreadId,1
CreateSocket,ContextTimeStamp,1
CreateSocket,EffectiveTransmissionClass,1
CreateSocket,Entitlements,1
CreateSocket,EventOrigin,1
CreateSocket,ImageFileName,1
CreateSocket,LocalAddressIP4,1
CreateSocket,NetlinkFamily,1
CreateSocket,SocketType,1
CreateSocket,aid,1
CreateSocket,aip,1
CreateSocket,cid,1
CreateSocket,event_platform,1
CreateSocket,event_simpleName,1
CreateSocket,id,1
CreateSocket,name,1
CreateSocket,timestamp,1
CriticalEnvironmentVariableChanged,ConfigBuild,1
CriticalEnvironmentVariableChanged,ConfigStateHash,1
CriticalEnvironmentVariableChanged,ContextProcessId,1
CriticalEnvironmentVariableChanged,ContextThreadId,1
CriticalEnvironmentVariableChanged,ContextTimeStamp,1
CriticalEnvironmentVariableChanged,EffectiveTransmissionClass,1
CriticalEnvironmentVariableChanged,Entitlements,1
CriticalEnvironmentVariableChanged,EnvironmentVariableName,1
CriticalEnvironmentVariableChanged,EnvironmentVariableValue,1
CriticalEnvironmentVariableChanged,EventOrigin,1
CriticalEnvironmentVariableChanged,aid,1
CriticalEnvironmentVariableChanged,aip,1
CriticalEnvironmentVariableChanged,cid,1
CriticalEnvironmentVariableChanged,event_platform,1
CriticalEnvironmentVariableChanged,event_simpleName,1
CriticalEnvironmentVariableChanged,id,1
CriticalEnvironmentVariableChanged,name,1
CriticalEnvironmentVariableChanged,timestamp,1
CriticalFileAccessed,ConfigBuild,3
CriticalFileAccessed,ConfigStateHash,3
CriticalFileAccessed,ContextProcessId,3
CriticalFileAccessed,ContextThreadId,3
CriticalFileAccessed,ContextTimeStamp,3
CriticalFileAccessed,EffectiveTransmissionClass,3
CriticalFileAccessed,Entitlements,3
CriticalFileAccessed,EventOrigin,3
CriticalFileAccessed,GID,3
CriticalFileAccessed,TargetFileName,3
CriticalFileAccessed,UID,3
CriticalFileAccessed,UnixMode,3
CriticalFileAccessed,aid,3
CriticalFileAccessed,aip,3
CriticalFileAccessed,cid,3
CriticalFileAccessed,event_platform,3
CriticalFileAccessed,event_simpleName,3
CriticalFileAccessed,id,3
CriticalFileAccessed,name,3
CriticalFileAccessed,timestamp,3
CriticalFileModified,ConfigBuild,2
CriticalFileModified,ConfigStateHash,2
CriticalFileModified,ContextProcessId,2
CriticalFileModified,ContextThreadId,2
CriticalFileModified,ContextTimeStamp,2
CriticalFileModified,EffectiveTransmissionClass,2
CriticalFileModified,Entitlements,2
CriticalFileModified,EventOrigin,2
CriticalFileModified,FileIdentifier,2
CriticalFileModified,GID,2
CriticalFileModified,TargetFileName,2
CriticalFileModified,UID,2
CriticalFileModified,USN,2
CriticalFileModified,UnixMode,2
CriticalFileModified,aid,2
CriticalFileModified,aip,2
CriticalFileModified,cid,2
CriticalFileModified,event_platform,2
CriticalFileModified,event_simpleName,2
CriticalFileModified,id,2
CriticalFileModified,name,2
CriticalFileModified,timestamp,2
CrxFileWritten,ConfigBuild,1
CrxFileWritten,ConfigStateHash,1
CrxFileWritten,ContextBaseFileName,1
CrxFileWritten,ContextProcessId,1
CrxFileWritten,ContextTimeStamp,1
CrxFileWritten,EffectiveTransmissionClass,1
CrxFileWritten,Entitlements,1
CrxFileWritten,EventOrigin,1
CrxFileWritten,FileCategory,1
CrxFileWritten,FileIdentifier,1
CrxFileWritten,IsOnRemovableDisk,1
CrxFileWritten,LocalAddressIP4,1
CrxFileWritten,Size,1
CrxFileWritten,TargetFileName,1
CrxFileWritten,UserName,1
CrxFileWritten,UserPrincipal,1
CrxFileWritten,aid,1
CrxFileWritten,aip,1
CrxFileWritten,cid,1
CrxFileWritten,event_platform,1
CrxFileWritten,event_simpleName,1
CrxFileWritten,id,1
CrxFileWritten,name,1
CrxFileWritten,timestamp,1
CurrentSystemTags,ConfigBuild,1
CurrentSystemTags,ConfigStateHash,1
CurrentSystemTags,EffectiveTransmissionClass,1
CurrentSystemTags,Entitlements,1
CurrentSystemTags,SystemTableIndex,1
CurrentSystemTags,Tags,1
CurrentSystemTags,aid,1
CurrentSystemTags,aip,1
CurrentSystemTags,cid,1
CurrentSystemTags,event_platform,1
CurrentSystemTags,event_simpleName,1
CurrentSystemTags,id,1
CurrentSystemTags,name,1
CurrentSystemTags,timestamp,1
CustomIOAFileWrittenDetectionInfoEvent,CommandLine,1
CustomIOAFileWrittenDetectionInfoEvent,ComputerName,1
CustomIOAFileWrittenDetectionInfoEvent,ConfigBuild,1
CustomIOAFileWrittenDetectionInfoEvent,ConfigStateHash,1
CustomIOAFileWrittenDetectionInfoEvent,ContextBaseFileName,1
CustomIOAFileWrittenDetectionInfoEvent,ContextProcessId,1
CustomIOAFileWrittenDetectionInfoEvent,ContextTimeStamp,1
CustomIOAFileWrittenDetectionInfoEvent,EffectiveTransmissionClass,1
CustomIOAFileWrittenDetectionInfoEvent,Entitlements,1
CustomIOAFileWrittenDetectionInfoEvent,EventOrigin,1
CustomIOAFileWrittenDetectionInfoEvent,ImageFileName,1
CustomIOAFileWrittenDetectionInfoEvent,PatternId,1
CustomIOAFileWrittenDetectionInfoEvent,SHA256HashData,1
CustomIOAFileWrittenDetectionInfoEvent,TargetFileName,1
CustomIOAFileWrittenDetectionInfoEvent,TemplateDisposition,1
CustomIOAFileWrittenDetectionInfoEvent,TemplateInstanceId,1
CustomIOAFileWrittenDetectionInfoEvent,aid,1
CustomIOAFileWrittenDetectionInfoEvent,aip,1
CustomIOAFileWrittenDetectionInfoEvent,cid,1
CustomIOAFileWrittenDetectionInfoEvent,event_platform,1
CustomIOAFileWrittenDetectionInfoEvent,event_simpleName,1
CustomIOAFileWrittenDetectionInfoEvent,id,1
CustomIOAFileWrittenDetectionInfoEvent,name,1
CustomIOAFileWrittenDetectionInfoEvent,timestamp,1
DBusMessage,ComputerName,1
DBusMessage,ConfigBuild,1
DBusMessage,ConfigStateHash,1
DBusMessage,ContextProcessId,1
DBusMessage,ContextTimeStamp,1
DBusMessage,DBusDestination,1
DBusMessage,DBusInterface,1
DBusMessage,DBusMember,1
DBusMessage,DBusMessageFlags,1
DBusMessage,DBusMessageKind,1
DBusMessage,DBusNumUnixFiles,1
DBusMessage,DBusPath,1
DBusMessage,DBusPayload,1
DBusMessage,DBusReplySerial,1
DBusMessage,DBusSender,1
DBusMessage,DBusSerial,1
DBusMessage,EffectiveTransmissionClass,1
DBusMessage,Entitlements,1
DBusMessage,EventOrigin,1
DBusMessage,LocalAddressIP4,1
DBusMessage,aid,1
DBusMessage,aip,1
DBusMessage,cid,1
DBusMessage,event_platform,1
DBusMessage,event_simpleName,1
DBusMessage,id,1
DBusMessage,name,1
DBusMessage,timestamp,1
DCSyncAttempted,AuthenticationId,1
DCSyncAttempted,ClientComputerName,1
DCSyncAttempted,ConfigBuild,1
DCSyncAttempted,ConfigStateHash,1
DCSyncAttempted,ContextProcessId,1
DCSyncAttempted,ContextTimeStamp,1
DCSyncAttempted,EffectiveTransmissionClass,1
DCSyncAttempted,Entitlements,1
DCSyncAttempted,EtwRawProcessId,1
DCSyncAttempted,EventOrigin,1
DCSyncAttempted,ObjectNameEtw,1
DCSyncAttempted,ObjectTypeEtw,1
DCSyncAttempted,RemoteAddressIP6,1
DCSyncAttempted,ServiceAccessPropertiesEtw,1
DCSyncAttempted,SubjectDomainNameEtw,1
DCSyncAttempted,UserName,1
DCSyncAttempted,UserSid,1
DCSyncAttempted,aid,1
DCSyncAttempted,aip,1
DCSyncAttempted,cid,1
DCSyncAttempted,event_platform,1
DCSyncAttempted,event_simpleName,1
DCSyncAttempted,id,1
DCSyncAttempted,name,1
DCSyncAttempted,timestamp,1
DNSRequestDetectInfo,ComputerName,1
DNSRequestDetectInfo,ConfigBuild,1
DNSRequestDetectInfo,ConfigStateHash,1
DNSRequestDetectInfo,ContextBaseFileName,1
DNSRequestDetectInfo,ContextProcessId,1
DNSRequestDetectInfo,ContextTimeStamp,1
DNSRequestDetectInfo,DomainName,1
DNSRequestDetectInfo,EffectiveTransmissionClass,1
DNSRequestDetectInfo,Entitlements,1
DNSRequestDetectInfo,EventOrigin,1
DNSRequestDetectInfo,IP4Records,1
DNSRequestDetectInfo,LocalAddressIP4,1
DNSRequestDetectInfo,PatternId,1
DNSRequestDetectInfo,QueryStatus,1
DNSRequestDetectInfo,RequestType,1
DNSRequestDetectInfo,SessionPatternIdList,1
DNSRequestDetectInfo,TemplateDisposition,1
DNSRequestDetectInfo,TemplateInstanceId,1
DNSRequestDetectInfo,aid,1
DNSRequestDetectInfo,aip,1
DNSRequestDetectInfo,cid,1
DNSRequestDetectInfo,event_platform,1
DNSRequestDetectInfo,event_simpleName,1
DNSRequestDetectInfo,id,1
DNSRequestDetectInfo,name,1
DNSRequestDetectInfo,timestamp,1
DataEgress,AssessedFileName,1
DataEgress,ComputerName,1
DataEgress,ConfigBuild,1
DataEgress,ConfigStateHash,1
DataEgress,ContentSHA256HashData,1
DataEgress,ContextProcessId,1
DataEgress,ContextTimeStamp,1
DataEgress,DataEgressId,1
DataEgress,DataOriginsDerived,1
DataEgress,DataProtectionPolicyRuleAction,1
DataEgress,DataProtectionTestMode,1
DataEgress,DataProtectionUserNotified,1
DataEgress,EffectiveTransmissionClass,1
DataEgress,Entitlements,1
DataEgress,EventOrigin,1
DataEgress,NormalizedPath,1
DataEgress,PolicyIdentifier,1
DataEgress,PolicyName,1
DataEgress,Size,1
DataEgress,UserName,1
DataEgress,UserSid,1
DataEgress,aid,1
DataEgress,aip,1
DataEgress,cid,1
DataEgress,event_platform,1
DataEgress,event_simpleName,1
DataEgress,id,1
DataEgress,name,1
DataEgress,timestamp,1
DataEgressEnriched,ConfigBuild,1
DataEgressEnriched,ConfigStateHash,1
DataEgressEnriched,File,1
DataEgressEnriched,File.AbsolutePath,1
DataEgressEnriched,File.Extension,1
DataEgressEnriched,File.FileTypeCategoryID,1
DataEgressEnriched,File.FileTypeCategoryName,1
DataEgressEnriched,File.FileTypeDescription,1
DataEgressEnriched,File.FileTypeID,1
DataEgressEnriched,File.FileTypeName,1
DataEgressEnriched,File.Identifier,1
DataEgressEnriched,File.Name,1
DataEgressEnriched,File.NormalizedAbsolutePath,1
DataEgressEnriched,aid,1
DataEgressEnriched,aip,1
DataEgressEnriched,cid,1
DataEgressEnriched,event_platform,1
DataEgressEnriched,event_simpleName,1
DataEgressEnriched,id,1
DataEgressEnriched,timestamp,1
DcBluetoothDeviceConnected,BluetoothDeviceAddress,1
DcBluetoothDeviceConnected,BluetoothDeviceAddressType,1
DcBluetoothDeviceConnected,BluetoothDeviceType,1
DcBluetoothDeviceConnected,ConfigBuild,1
DcBluetoothDeviceConnected,ConfigStateHash,1
DcBluetoothDeviceConnected,DeviceInstanceId,1
DcBluetoothDeviceConnected,DeviceTimeStamp,1
DcBluetoothDeviceConnected,EffectiveTransmissionClass,1
DcBluetoothDeviceConnected,Entitlements,1
DcBluetoothDeviceConnected,EventOrigin,1
DcBluetoothDeviceConnected,LocalAddressIP4,1
DcBluetoothDeviceConnected,aid,1
DcBluetoothDeviceConnected,aip,1
DcBluetoothDeviceConnected,cid,1
DcBluetoothDeviceConnected,event_platform,1
DcBluetoothDeviceConnected,event_simpleName,1
DcBluetoothDeviceConnected,id,1
DcBluetoothDeviceConnected,name,1
DcBluetoothDeviceConnected,timestamp,1
DcUsbConfigurationDescriptor,ConfigBuild,1
DcUsbConfigurationDescriptor,ConfigStateHash,1
DcUsbConfigurationDescriptor,ConfigurationDescriptorAttributes,1
DcUsbConfigurationDescriptor,ConfigurationDescriptorMaxPowerDraw,1
DcUsbConfigurationDescriptor,ConfigurationDescriptorNumInterfaces,1
DcUsbConfigurationDescriptor,ConfigurationDescriptorValue,1
DcUsbConfigurationDescriptor,DeviceDescriptorSetHash,1
DcUsbConfigurationDescriptor,DeviceDescriptorUniqueIdentifier,1
DcUsbConfigurationDescriptor,DeviceTimeStamp,1
DcUsbConfigurationDescriptor,EffectiveTransmissionClass,1
DcUsbConfigurationDescriptor,Entitlements,1
DcUsbConfigurationDescriptor,EventOrigin,1
DcUsbConfigurationDescriptor,LocalAddressIP4,1
DcUsbConfigurationDescriptor,aid,1
DcUsbConfigurationDescriptor,aip,1
DcUsbConfigurationDescriptor,cid,1
DcUsbConfigurationDescriptor,event_platform,1
DcUsbConfigurationDescriptor,event_simpleName,1
DcUsbConfigurationDescriptor,id,1
DcUsbConfigurationDescriptor,name,1
DcUsbConfigurationDescriptor,timestamp,1
DcUsbDeviceConnected,ConfigBuild,1
DcUsbDeviceConnected,ConfigStateHash,1
DcUsbDeviceConnected,DcPolicyAction,1
DcUsbDeviceConnected,DcPolicyFlags,1
DcUsbDeviceConnected,DcPolicyGroupId,1
DcUsbDeviceConnected,DcPolicyId,1
DcUsbDeviceConnected,DcPolicyMassStorageBlockPermissions,1
DcUsbDeviceConnected,DeviceActiveConfigurationNumber,1
DcUsbDeviceConnected,DeviceConnectionStatus,1
DcUsbDeviceConnected,DeviceDescriptorSetHash,1
DcUsbDeviceConnected,DeviceInstanceId,1
DcUsbDeviceConnected,DeviceManufacturer,1
DcUsbDeviceConnected,DeviceProduct,1
DcUsbDeviceConnected,DeviceProductId,1
DcUsbDeviceConnected,DevicePropertyClassGuid,1
DcUsbDeviceConnected,DevicePropertyClassName,1
DcUsbDeviceConnected,DevicePropertyDeviceDescription,1
DcUsbDeviceConnected,DevicePropertyLocationInformation,1
DcUsbDeviceConnected,DevicePropertyManufacturer,1
DcUsbDeviceConnected,DeviceProtocol,1
DcUsbDeviceConnected,DeviceTimeStamp,1
DcUsbDeviceConnected,DeviceUsbClass,1
DcUsbDeviceConnected,DeviceUsbSubclass,1
DcUsbDeviceConnected,DeviceUsbVersion,1
DcUsbDeviceConnected,DeviceVendorId,1
DcUsbDeviceConnected,DeviceVersion,1
DcUsbDeviceConnected,EffectiveTransmissionClass,1
DcUsbDeviceConnected,Entitlements,1
DcUsbDeviceConnected,EventOrigin,1
DcUsbDeviceConnected,LocalAddressIP4,1
DcUsbDeviceConnected,ParentHubInstanceId,1
DcUsbDeviceConnected,ParentHubPort,1
DcUsbDeviceConnected,UserName,1
DcUsbDeviceConnected,UserPrincipal,1
DcUsbDeviceConnected,aid,1
DcUsbDeviceConnected,aip,1
DcUsbDeviceConnected,cid,1
DcUsbDeviceConnected,event_platform,1
DcUsbDeviceConnected,event_simpleName,1
DcUsbDeviceConnected,id,1
DcUsbDeviceConnected,name,1
DcUsbDeviceConnected,timestamp,1
DcUsbDeviceDisconnected,ConfigBuild,1
DcUsbDeviceDisconnected,ConfigStateHash,1
DcUsbDeviceDisconnected,DeviceDescriptorSetHash,1
DcUsbDeviceDisconnected,DeviceInstanceId,1
DcUsbDeviceDisconnected,DeviceManufacturer,1
DcUsbDeviceDisconnected,DeviceProduct,1
DcUsbDeviceDisconnected,DeviceProductId,1
DcUsbDeviceDisconnected,DeviceTimeStamp,1
DcUsbDeviceDisconnected,DeviceVendorId,1
DcUsbDeviceDisconnected,DeviceVersion,1
DcUsbDeviceDisconnected,EffectiveTransmissionClass,1
DcUsbDeviceDisconnected,Entitlements,1
DcUsbDeviceDisconnected,EventOrigin,1
DcUsbDeviceDisconnected,LocalAddressIP4,1
DcUsbDeviceDisconnected,UserName,1
DcUsbDeviceDisconnected,UserPrincipal,1
DcUsbDeviceDisconnected,aid,1
DcUsbDeviceDisconnected,aip,1
DcUsbDeviceDisconnected,cid,1
DcUsbDeviceDisconnected,event_platform,1
DcUsbDeviceDisconnected,event_simpleName,1
DcUsbDeviceDisconnected,id,1
DcUsbDeviceDisconnected,name,1
DcUsbDeviceDisconnected,timestamp,1
DcUsbEndpointDescriptor,ConfigBuild,1
DcUsbEndpointDescriptor,ConfigStateHash,1
DcUsbEndpointDescriptor,DeviceDescriptorSetHash,1
DcUsbEndpointDescriptor,DeviceDescriptorUniqueIdentifier,1
DcUsbEndpointDescriptor,DeviceTimeStamp,1
DcUsbEndpointDescriptor,EffectiveTransmissionClass,1
DcUsbEndpointDescriptor,EndpointDescriptorAddress,1
DcUsbEndpointDescriptor,EndpointDescriptorAttributes,1
DcUsbEndpointDescriptor,EndpointDescriptorInterval,1
DcUsbEndpointDescriptor,EndpointDescriptorMaxPacketSize,1
DcUsbEndpointDescriptor,Entitlements,1
DcUsbEndpointDescriptor,EventOrigin,1
DcUsbEndpointDescriptor,LocalAddressIP4,1
DcUsbEndpointDescriptor,aid,1
DcUsbEndpointDescriptor,aip,1
DcUsbEndpointDescriptor,cid,1
DcUsbEndpointDescriptor,event_platform,1
DcUsbEndpointDescriptor,event_simpleName,1
DcUsbEndpointDescriptor,id,1
DcUsbEndpointDescriptor,name,1
DcUsbEndpointDescriptor,timestamp,1
DcUsbHIDDescriptor,ConfigBuild,1
DcUsbHIDDescriptor,ConfigStateHash,1
DcUsbHIDDescriptor,DeviceDescriptorSetHash,1
DcUsbHIDDescriptor,DeviceDescriptorUniqueIdentifier,1
DcUsbHIDDescriptor,DeviceTimeStamp,1
DcUsbHIDDescriptor,EffectiveTransmissionClass,1
DcUsbHIDDescriptor,Entitlements,1
DcUsbHIDDescriptor,EventOrigin,1
DcUsbHIDDescriptor,HIDDescriptorCountryCode,1
DcUsbHIDDescriptor,HIDDescriptorNumDescriptors,1
DcUsbHIDDescriptor,HIDDescriptorVersion,1
DcUsbHIDDescriptor,LocalAddressIP4,1
DcUsbHIDDescriptor,aid,1
DcUsbHIDDescriptor,aip,1
DcUsbHIDDescriptor,cid,1
DcUsbHIDDescriptor,event_platform,1
DcUsbHIDDescriptor,event_simpleName,1
DcUsbHIDDescriptor,id,1
DcUsbHIDDescriptor,name,1
DcUsbHIDDescriptor,timestamp,1
DcUsbInterfaceDescriptor,ConfigBuild,1
DcUsbInterfaceDescriptor,ConfigStateHash,1
DcUsbInterfaceDescriptor,DeviceDescriptorSetHash,1
DcUsbInterfaceDescriptor,DeviceDescriptorUniqueIdentifier,1
DcUsbInterfaceDescriptor,DeviceProtocol,1
DcUsbInterfaceDescriptor,DeviceTimeStamp,1
DcUsbInterfaceDescriptor,DeviceUsbClass,1
DcUsbInterfaceDescriptor,DeviceUsbSubclass,1
DcUsbInterfaceDescriptor,EffectiveTransmissionClass,1
DcUsbInterfaceDescriptor,Entitlements,1
DcUsbInterfaceDescriptor,EventOrigin,1
DcUsbInterfaceDescriptor,InterfaceDescriptorAlternateSetting,1
DcUsbInterfaceDescriptor,InterfaceDescriptorName,1
DcUsbInterfaceDescriptor,InterfaceDescriptorNumEndpoints,1
DcUsbInterfaceDescriptor,InterfaceDescriptorNumber,1
DcUsbInterfaceDescriptor,LocalAddressIP4,1
DcUsbInterfaceDescriptor,aid,1
DcUsbInterfaceDescriptor,aip,1
DcUsbInterfaceDescriptor,cid,1
DcUsbInterfaceDescriptor,event_platform,1
DcUsbInterfaceDescriptor,event_simpleName,1
DcUsbInterfaceDescriptor,id,1
DcUsbInterfaceDescriptor,name,1
DcUsbInterfaceDescriptor,timestamp,1
DeliverLocalFXToCloud,ConfigBuild,2
DeliverLocalFXToCloud,ConfigStateHash,2
DeliverLocalFXToCloud,EffectiveTransmissionClass,2
DeliverLocalFXToCloud,Entitlements,2
DeliverLocalFXToCloud,EventOrigin,2
DeliverLocalFXToCloud,FXFileSize,2
DeliverLocalFXToCloud,FeatureExtractionVersion,2
DeliverLocalFXToCloud,FeatureVector,2
DeliverLocalFXToCloud,LocalAddressIP4,2
DeliverLocalFXToCloud,MLModelVersion,2
DeliverLocalFXToCloud,Malicious,2
DeliverLocalFXToCloud,ModelPrediction,2
DeliverLocalFXToCloud,PupAdwareConfidence,2
DeliverLocalFXToCloud,PupAdwareDecisionValue,2
DeliverLocalFXToCloud,SHA256HashData,2
DeliverLocalFXToCloud,UserName,2
DeliverLocalFXToCloud,UserPrincipal,2
DeliverLocalFXToCloud,aid,2
DeliverLocalFXToCloud,aip,2
DeliverLocalFXToCloud,cid,2
DeliverLocalFXToCloud,event_platform,2
DeliverLocalFXToCloud,event_simpleName,2
DeliverLocalFXToCloud,id,2
DeliverLocalFXToCloud,name,2
DeliverLocalFXToCloud,timestamp,2
DetectionExcluded,AllowlistingFilterId,1
DetectionExcluded,BoundingLimitCount,1
DetectionExcluded,BoundingLimitDuration,1
DetectionExcluded,CommandLine,1
DetectionExcluded,ConfigBuild,1
DetectionExcluded,ConfigStateHash,1
DetectionExcluded,ContextData,1
DetectionExcluded,ContextTimeStamp,1
DetectionExcluded,EffectiveTransmissionClass,1
DetectionExcluded,Entitlements,1
DetectionExcluded,EventCorrelationId,1
DetectionExcluded,EventOrigin,1
DetectionExcluded,ExclusionSource,1
DetectionExcluded,ExclusionType,1
DetectionExcluded,ImageFileName,1
DetectionExcluded,PatternId,1
DetectionExcluded,TargetProcessId,1
DetectionExcluded,UserSid,1
DetectionExcluded,aid,1
DetectionExcluded,aip,1
DetectionExcluded,cid,1
DetectionExcluded,event_platform,1
DetectionExcluded,event_simpleName,1
DetectionExcluded,id,1
DetectionExcluded,name,1
DetectionExcluded,timestamp,1
DirectoryCreate,ConfigBuild,3
DirectoryCreate,ConfigStateHash,3
DirectoryCreate,ContextProcessId,3
DirectoryCreate,ContextThreadId,3
DirectoryCreate,ContextTimeStamp,3
DirectoryCreate,DesiredAccess,3
DirectoryCreate,EffectiveTransmissionClass,3
DirectoryCreate,Entitlements,3
DirectoryCreate,EventOrigin,3
DirectoryCreate,FileAttributes,3
DirectoryCreate,FileEcpBitmask,3
DirectoryCreate,FileIdentifier,3
DirectoryCreate,FileObject,3
DirectoryCreate,Flags,3
DirectoryCreate,GID,3
DirectoryCreate,HandleCreateAuthenticationId,3
DirectoryCreate,Information,3
DirectoryCreate,IrpFlags,3
DirectoryCreate,MajorFunction,3
DirectoryCreate,MinorFunction,3
DirectoryCreate,OperationFlags,3
DirectoryCreate,Options,3
DirectoryCreate,ShareAccess,3
DirectoryCreate,Status,3
DirectoryCreate,TargetDirectoryName,3
DirectoryCreate,TargetFileName,3
DirectoryCreate,UID,3
DirectoryCreate,UnixMode,3
DirectoryCreate,VnodeType,3
DirectoryCreate,aid,3
DirectoryCreate,aip,3
DirectoryCreate,cid,3
DirectoryCreate,event_platform,3
DirectoryCreate,event_simpleName,3
DirectoryCreate,id,3
DirectoryCreate,name,3
DirectoryCreate,timestamp,3
DiskCapacity,ConfigBuild,1
DiskCapacity,ConfigStateHash,1
DiskCapacity,EffectiveTransmissionClass,1
DiskCapacity,Entitlements,1
DiskCapacity,EventOrigin,1
DiskCapacity,LocalAddressIP4,1
DiskCapacity,NumberOfDiskDrives,1
DiskCapacity,TotalDiskSpace,1
DiskCapacity,aid,1
DiskCapacity,aip,1
DiskCapacity,cid,1
DiskCapacity,event_platform,1
DiskCapacity,event_simpleName,1
DiskCapacity,id,1
DiskCapacity,name,1
DiskCapacity,timestamp,1
DllInjection,ConfigBuild,1
DllInjection,ConfigStateHash,1
DllInjection,ContextProcessId,1
DllInjection,ContextThreadId,1
DllInjection,ContextTimeStamp,1
DllInjection,EffectiveTransmissionClass,1
DllInjection,Entitlements,1
DllInjection,EventOrigin,1
DllInjection,InjectedDll,1
DllInjection,InjectedThreadFlag,1
DllInjection,RawProcessId,1
DllInjection,RawThreadId,1
DllInjection,TargetProcessId,1
DllInjection,TargetThreadId,1
DllInjection,ThreadStartAddress,1
DllInjection,ThreadStartContext,1
DllInjection,aid,1
DllInjection,aip,1
DllInjection,cid,1
DllInjection,event_platform,1
DllInjection,event_simpleName,1
DllInjection,id,1
DllInjection,name,1
DllInjection,timestamp,1
DmgFileWritten,ConfigBuild,1
DmgFileWritten,ConfigStateHash,1
DmgFileWritten,ContextBaseFileName,1
DmgFileWritten,ContextProcessId,1
DmgFileWritten,ContextTimeStamp,1
DmgFileWritten,EffectiveTransmissionClass,1
DmgFileWritten,Entitlements,1
DmgFileWritten,EventOrigin,1
DmgFileWritten,FileCategory,1
DmgFileWritten,FileIdentifier,1
DmgFileWritten,IsOnRemovableDisk,1
DmgFileWritten,LocalAddressIP4,1
DmgFileWritten,Size,1
DmgFileWritten,TargetFileName,1
DmgFileWritten,UserName,1
DmgFileWritten,UserPrincipal,1
DmgFileWritten,aid,1
DmgFileWritten,aip,1
DmgFileWritten,cid,1
DmgFileWritten,event_platform,1
DmgFileWritten,event_simpleName,1
DmgFileWritten,id,1
DmgFileWritten,name,1
DmgFileWritten,timestamp,1
DmpFileWritten,AuthenticationId,1
DmpFileWritten,ConfigBuild,1
DmpFileWritten,ConfigStateHash,1
DmpFileWritten,ContextBaseFileName,1
DmpFileWritten,ContextProcessId,1
DmpFileWritten,ContextThreadId,1
DmpFileWritten,ContextTimeStamp,1
DmpFileWritten,DiskParentDeviceInstanceId,1
DmpFileWritten,EffectiveTransmissionClass,1
DmpFileWritten,Entitlements,1
DmpFileWritten,EventOrigin,1
DmpFileWritten,FileCategory,1
DmpFileWritten,FileEcpBitmask,1
DmpFileWritten,FileIdentifier,1
DmpFileWritten,FileObject,1
DmpFileWritten,FileOperatorSid,1
DmpFileWritten,FileWrittenFlags,1
DmpFileWritten,IrpFlags,1
DmpFileWritten,IsOnNetwork,1
DmpFileWritten,IsOnRemovableDisk,1
DmpFileWritten,MajorFunction,1
DmpFileWritten,MinorFunction,1
DmpFileWritten,OperationFlags,1
DmpFileWritten,Size,1
DmpFileWritten,TargetFileName,1
DmpFileWritten,TokenType,1
DmpFileWritten,aid,1
DmpFileWritten,aip,1
DmpFileWritten,cid,1
DmpFileWritten,event_platform,1
DmpFileWritten,event_simpleName,1
DmpFileWritten,id,1
DmpFileWritten,name,1
DmpFileWritten,timestamp,1
DnsRequest,CNAMERecords,4
DnsRequest,ConfigBuild,4
DnsRequest,ConfigStateHash,4
DnsRequest,ContextBaseFileName,4
DnsRequest,ContextProcessId,4
DnsRequest,ContextThreadId,4
DnsRequest,ContextTimeStamp,4
DnsRequest,DnsRequestCount,4
DnsRequest,DnsResponseType,4
DnsRequest,DomainName,4
DnsRequest,DualRequest,4
DnsRequest,EffectiveTransmissionClass,4
DnsRequest,Entitlements,4
DnsRequest,EventOrigin,4
DnsRequest,FirstIP4Record,4
DnsRequest,IP4Records,4
DnsRequest,InterfaceIndex,4
DnsRequest,QueryStatus,4
DnsRequest,RequestType,4
DnsRequest,RespondingDnsServer,4
DnsRequest,aid,4
DnsRequest,aip,4
DnsRequest,cid,4
DnsRequest,event_platform,4
DnsRequest,event_simpleName,4
DnsRequest,id,4
DnsRequest,name,4
DnsRequest,timestamp,4
DocumentProgramInjectedThread,ConfigBuild,1
DocumentProgramInjectedThread,ConfigStateHash,1
DocumentProgramInjectedThread,ContextProcessId,1
DocumentProgramInjectedThread,ContextThreadId,1
DocumentProgramInjectedThread,ContextTimeStamp,1
DocumentProgramInjectedThread,EffectiveTransmissionClass,1
DocumentProgramInjectedThread,Entitlements,1
DocumentProgramInjectedThread,EventOrigin,1
DocumentProgramInjectedThread,InjectedThreadFlag,1
DocumentProgramInjectedThread,RawProcessId,1
DocumentProgramInjectedThread,RawThreadId,1
DocumentProgramInjectedThread,SourceThreadStartAddress,1
DocumentProgramInjectedThread,TargetProcessId,1
DocumentProgramInjectedThread,TargetThreadId,1
DocumentProgramInjectedThread,ThreadStartAddress,1
DocumentProgramInjectedThread,ThreadStartContext,1
DocumentProgramInjectedThread,UserThread,1
DocumentProgramInjectedThread,aid,1
DocumentProgramInjectedThread,aip,1
DocumentProgramInjectedThread,cid,1
DocumentProgramInjectedThread,event_platform,1
DocumentProgramInjectedThread,event_simpleName,1
DocumentProgramInjectedThread,id,1
DocumentProgramInjectedThread,name,1
DocumentProgramInjectedThread,timestamp,1
DriverLoad,AuthenticodeHashData,2
DriverLoad,AuthenticodeHashDataSHA256,2
DriverLoad,CertificateIssuer,2
DriverLoad,CertificatePublisher,2
DriverLoad,CertificateSignatureHash,2
DriverLoad,CertificateSignatureHashAlgorithm,2
DriverLoad,CompanyName,2
DriverLoad,ComputerName,2
DriverLoad,ConfigBuild,2
DriverLoad,ConfigStateHash,2
DriverLoad,ContextProcessId,2
DriverLoad,ContextThreadId,2
DriverLoad,ContextTimeStamp,2
DriverLoad,DriverLoadFlags,2
DriverLoad,EffectiveTransmissionClass,2
DriverLoad,Entitlements,2
DriverLoad,EventOrigin,2
DriverLoad,FileVersion,2
DriverLoad,FixedFileVersion,2
DriverLoad,HashAlgorithm,2
DriverLoad,ImageCheckSum,2
DriverLoad,ImageEntryPoint,2
DriverLoad,ImageFileName,2
DriverLoad,ImageTimeStamp,2
DriverLoad,LocalAddressIP4,2
DriverLoad,MD5HashData,2
DriverLoad,OriginalFilename,2
DriverLoad,RegistryPath,2
DriverLoad,RpcClientProcessId,2
DriverLoad,RpcClientThreadId,2
DriverLoad,SHA256HashData,2
DriverLoad,ServiceDisplayName,2
DriverLoad,aid,2
DriverLoad,aip,2
DriverLoad,cid,2
DriverLoad,event_platform,2
DriverLoad,event_simpleName,2
DriverLoad,id,2
DriverLoad,name,2
DriverLoad,timestamp,2
DwgFileWritten,AuthenticationId,1
DwgFileWritten,ConfigBuild,1
DwgFileWritten,ConfigStateHash,1
DwgFileWritten,ContextBaseFileName,1
DwgFileWritten,ContextProcessId,1
DwgFileWritten,ContextThreadId,1
DwgFileWritten,ContextTimeStamp,1
DwgFileWritten,EffectiveTransmissionClass,1
DwgFileWritten,Entitlements,1
DwgFileWritten,EventOrigin,1
DwgFileWritten,FileCategory,1
DwgFileWritten,FileEcpBitmask,1
DwgFileWritten,FileIdentifier,1
DwgFileWritten,FileObject,1
DwgFileWritten,FileOperatorSid,1
DwgFileWritten,FileWrittenFlags,1
DwgFileWritten,IrpFlags,1
DwgFileWritten,IsOnNetwork,1
DwgFileWritten,IsOnRemovableDisk,1
DwgFileWritten,MajorFunction,1
DwgFileWritten,MinorFunction,1
DwgFileWritten,OperationFlags,1
DwgFileWritten,Size,1
DwgFileWritten,TargetFileName,1
DwgFileWritten,TokenType,1
DwgFileWritten,aid,1
DwgFileWritten,aip,1
DwgFileWritten,cid,1
DwgFileWritten,event_platform,1
DwgFileWritten,event_simpleName,1
DwgFileWritten,id,1
DwgFileWritten,name,1
DwgFileWritten,timestamp,1
ELFFileWritten,Attacks,2
ELFFileWritten,Attacks.Tactic,2
ELFFileWritten,Attacks.Technique,2
ELFFileWritten,ConfigBuild,2
ELFFileWritten,ConfigStateHash,2
ELFFileWritten,ContextBaseFileName,2
ELFFileWritten,ContextProcessId,2
ELFFileWritten,ContextThreadId,2
ELFFileWritten,ContextTimeStamp,2
ELFFileWritten,ELFSubType,2
ELFFileWritten,EffectiveTransmissionClass,2
ELFFileWritten,Entitlements,2
ELFFileWritten,EventOrigin,2
ELFFileWritten,FileCategory,2
ELFFileWritten,FileIdentifier,2
ELFFileWritten,IsOnRemovableDisk,2
ELFFileWritten,LocalAddressIP4,2
ELFFileWritten,SHA256HashData,2
ELFFileWritten,Size,2
ELFFileWritten,TargetFileName,2
ELFFileWritten,UserName,2
ELFFileWritten,UserPrincipal,2
ELFFileWritten,aid,2
ELFFileWritten,aip,2
ELFFileWritten,cid,2
ELFFileWritten,event_platform,2
ELFFileWritten,event_simpleName,2
ELFFileWritten,id,2
ELFFileWritten,name,2
ELFFileWritten,timestamp,2
EmailFileWritten,Attacks,1
EmailFileWritten,Attacks.Tactic,1
EmailFileWritten,Attacks.Technique,1
EmailFileWritten,ConfigBuild,1
EmailFileWritten,ConfigStateHash,1
EmailFileWritten,ContextBaseFileName,1
EmailFileWritten,ContextProcessId,1
EmailFileWritten,ContextTimeStamp,1
EmailFileWritten,EffectiveTransmissionClass,1
EmailFileWritten,Entitlements,1
EmailFileWritten,EventOrigin,1
EmailFileWritten,FileCategory,1
EmailFileWritten,FileIdentifier,1
EmailFileWritten,IsOnRemovableDisk,1
EmailFileWritten,LocalAddressIP4,1
EmailFileWritten,Size,1
EmailFileWritten,TargetFileName,1
EmailFileWritten,UserName,1
EmailFileWritten,UserPrincipal,1
EmailFileWritten,aid,1
EmailFileWritten,aip,1
EmailFileWritten,cid,1
EmailFileWritten,event_platform,1
EmailFileWritten,event_simpleName,1
EmailFileWritten,id,1
EmailFileWritten,name,1
EmailFileWritten,timestamp,1
EndOfProcess,AllocateVirtualMemoryCount,7
EndOfProcess,ArchiveFileWrittenCount,7
EndOfProcess,AsepWrittenCount,7
EndOfProcess,BinaryExecutableWrittenCount,7
EndOfProcess,CLICreationCount,7
EndOfProcess,ConHostId,7
EndOfProcess,ConHostProcessId,7
EndOfProcess,ConfigBuild,7
EndOfProcess,ConfigStateHash,7
EndOfProcess,ContextData,7
EndOfProcess,ContextProcessId,7
EndOfProcess,ContextThreadId,7
EndOfProcess,ContextTimeStamp,7
EndOfProcess,CreateProcessCount,7
EndOfProcess,CycleTime,7
EndOfProcess,DirectoryCreatedCount,7
EndOfProcess,DirectoryEnumeratedCount,7
EndOfProcess,DnsRequestCount,7
EndOfProcess,DocumentFileWrittenCount,7
EndOfProcess,EffectiveTransmissionClass,7
EndOfProcess,Entitlements,7
EndOfProcess,EventOrigin,7
EndOfProcess,ExeAndServiceCount,7
EndOfProcess,ExecutableDeletedCount,7
EndOfProcess,ExitCode,7
EndOfProcess,FileDeletedCount,7
EndOfProcess,GenericFileWrittenCount,7
EndOfProcess,ImageSubsystem,7
EndOfProcess,InjectedDllCount,7
EndOfProcess,InjectedThreadCount,7
EndOfProcess,KernelTime,7
EndOfProcess,MaxThreadCount,7
EndOfProcess,ModuleLoadCount,7
EndOfProcess,NetworkBindCount,7
EndOfProcess,NetworkCapableAsepWriteCount,7
EndOfProcess,NetworkCloseCount,7
EndOfProcess,NetworkConnectCount,7
EndOfProcess,NetworkConnectCountUdp,7
EndOfProcess,NetworkListenCount,7
EndOfProcess,NetworkModuleLoadCount,7
EndOfProcess,NetworkRecvAcceptCount,7
EndOfProcess,NewExecutableWrittenCount,7
EndOfProcess,ParentProcessId,7
EndOfProcess,PrivilegedProcessHandleCount,7
EndOfProcess,ProcessStartTime,7
EndOfProcess,ProtectVirtualMemoryCount,7
EndOfProcess,QueueApcCount,7
EndOfProcess,RawProcessId,7
EndOfProcess,RegKeySecurityDecreasedCount,7
EndOfProcess,RemovableDiskFileWrittenCount,7
EndOfProcess,RunDllInvocationCount,7
EndOfProcess,SHA256HashData,7
EndOfProcess,ScreenshotsTakenCount,7
EndOfProcess,ScriptEngineInvocationCount,7
EndOfProcess,ServiceEventCount,7
EndOfProcess,SetThreadContextCount,7
EndOfProcess,SnapshotFileOpenCount,7
EndOfProcess,SuspectStackCount,7
EndOfProcess,SuspiciousCredentialModuleLoadCount,7
EndOfProcess,SuspiciousDnsRequestCount,7
EndOfProcess,SuspiciousFontLoadCount,7
EndOfProcess,SuspiciousRawDiskReadCount,7
EndOfProcess,TargetProcessId,7
EndOfProcess,UnsignedModuleLoadCount,7
EndOfProcess,UserMemoryAllocateExecutableCount,7
EndOfProcess,UserMemoryAllocateExecutableRemoteCount,7
EndOfProcess,UserMemoryProtectExecutableCount,7
EndOfProcess,UserMemoryProtectExecutableRemoteCount,7
EndOfProcess,UserSid,7
EndOfProcess,UserTime,7
EndOfProcess,aid,7
EndOfProcess,aip,7
EndOfProcess,cid,7
EndOfProcess,event_platform,7
EndOfProcess,event_simpleName,7
EndOfProcess,id,7
EndOfProcess,name,7
EndOfProcess,timestamp,7
ErrorEvent,ConfigBuild,1
ErrorEvent,ConfigStateHash,1
ErrorEvent,ErrorStatus,1
ErrorEvent,Facility,1
ErrorEvent,File,1
ErrorEvent,Line,1
ErrorEvent,Parameter1,1
ErrorEvent,Parameter2,1
ErrorEvent,Parameter3,1
ErrorEvent,aid,1
ErrorEvent,aip,1
ErrorEvent,cid,1
ErrorEvent,event_platform,1
ErrorEvent,event_simpleName,1
ErrorEvent,id,1
ErrorEvent,name,1
ErrorEvent,timestamp,1
EtwComponentResponse,AttemptNumber,1
EtwComponentResponse,ConfigBuild,1
EtwComponentResponse,ConfigStateHash,1
EtwComponentResponse,ContextTimeStamp,1
EtwComponentResponse,EffectiveTransmissionClass,1
EtwComponentResponse,Entitlements,1
EtwComponentResponse,EtwProviders,1
EtwComponentResponse,EtwProvidersEnabled,1
EtwComponentResponse,EtwProvidersError,1
EtwComponentResponse,EventOrigin,1
EtwComponentResponse,LocalAddressIP4,1
EtwComponentResponse,Status,1
EtwComponentResponse,aid,1
EtwComponentResponse,aip,1
EtwComponentResponse,cid,1
EtwComponentResponse,event_platform,1
EtwComponentResponse,event_simpleName,1
EtwComponentResponse,id,1
EtwComponentResponse,name,1
EtwComponentResponse,timestamp,1
EventLogCleared,AuthenticationId,1
EventLogCleared,ComputerName,1
EventLogCleared,ConfigBuild,1
EventLogCleared,ConfigStateHash,1
EventLogCleared,ContextProcessId,1
EventLogCleared,ContextThreadId,1
EventLogCleared,ContextTimeStamp,1
EventLogCleared,EffectiveTransmissionClass,1
EventLogCleared,Entitlements,1
EventLogCleared,EventOrigin,1
EventLogCleared,TargetFileName,1
EventLogCleared,TokenType,1
EventLogCleared,UserName,1
EventLogCleared,aid,1
EventLogCleared,aip,1
EventLogCleared,cid,1
EventLogCleared,event_platform,1
EventLogCleared,event_simpleName,1
EventLogCleared,id,1
EventLogCleared,name,1
EventLogCleared,timestamp,1
Event_AutomatedLeadSummaryEvent,AgentIdString,1
Event_AutomatedLeadSummaryEvent,CompositeId,1
Event_AutomatedLeadSummaryEvent,CustomerIdString,1
Event_AutomatedLeadSummaryEvent,EventType,1
Event_AutomatedLeadSummaryEvent,ExternalApiType,1
Event_AutomatedLeadSummaryEvent,FalconHostLink,1
Event_AutomatedLeadSummaryEvent,LeadId,1
Event_AutomatedLeadSummaryEvent,LeadType,1
Event_AutomatedLeadSummaryEvent,MitreAttack,1
Event_AutomatedLeadSummaryEvent,MitreAttack.PatternID,1
Event_AutomatedLeadSummaryEvent,MitreAttack.Tactic,1
Event_AutomatedLeadSummaryEvent,MitreAttack.TacticID,1
Event_AutomatedLeadSummaryEvent,MitreAttack.Technique,1
Event_AutomatedLeadSummaryEvent,MitreAttack.TechniqueID,1
Event_AutomatedLeadSummaryEvent,Name,1
Event_AutomatedLeadSummaryEvent,Nonce,1
Event_AutomatedLeadSummaryEvent,Score,1
Event_AutomatedLeadSummaryEvent,SignalEndTimestamp,1
Event_AutomatedLeadSummaryEvent,SignalStartTimestamp,1
Event_AutomatedLeadSummaryEvent,SignalUpdatedTimestamp,1
Event_AutomatedLeadSummaryEvent,ThreatgraphIndicators,1
Event_AutomatedLeadSummaryEvent,ThreatgraphIndicators.Description,1
Event_AutomatedLeadSummaryEvent,ThreatgraphIndicators.DisplayName,1
Event_AutomatedLeadSummaryEvent,ThreatgraphIndicators.HostId,1
Event_AutomatedLeadSummaryEvent,ThreatgraphIndicators.Hostname,1
Event_AutomatedLeadSummaryEvent,ThreatgraphIndicators.IndicatorId,1
Event_AutomatedLeadSummaryEvent,ThreatgraphIndicators.PatternDisposition,1
Event_AutomatedLeadSummaryEvent,ThreatgraphIndicators.PatternId,1
Event_AutomatedLeadSummaryEvent,ThreatgraphIndicators.ProcessId,1
Event_AutomatedLeadSummaryEvent,ThreatgraphIndicators.SignalAssociationTimestamp,1
Event_AutomatedLeadSummaryEvent,ThreatgraphIndicators.TemplateInstanceId,1
Event_AutomatedLeadSummaryEvent,UTCTimestamp,1
Event_AutomatedLeadSummaryEvent,cid,1
Event_AutomatedLeadSummaryEvent,eid,1
Event_AutomatedLeadSummaryEvent,timestamp,1
Event_DataProtectionDetectionSummaryEvent,AgentId,1
Event_DataProtectionDetectionSummaryEvent,AgentIdString,1
Event_DataProtectionDetectionSummaryEvent,AnodeIndicators,1
Event_DataProtectionDetectionSummaryEvent,AnodeIndicators.DataVolumeIncreasePercentage,1
Event_DataProtectionDetectionSummaryEvent,AnodeIndicators.Destination,1
Event_DataProtectionDetectionSummaryEvent,AnodeIndicators.Detected,1
Event_DataProtectionDetectionSummaryEvent,AnodeIndicators.Entity,1
Event_DataProtectionDetectionSummaryEvent,AnodeIndicators.Explanation,1
Event_DataProtectionDetectionSummaryEvent,AnodeIndicators.FileCategoryDistributions,1
Event_DataProtectionDetectionSummaryEvent,AnodeIndicators.FileCategoryDistributions.CurrentPercentage,1
Event_DataProtectionDetectionSummaryEvent,AnodeIndicators.FileCategoryDistributions.ExpectedPercentage,1
Event_DataProtectionDetectionSummaryEvent,AnodeIndicators.FileCategoryDistributions.ID,1
Event_DataProtectionDetectionSummaryEvent,AnodeIndicators.FileCategoryDistributions.IncreasePercentage,1
Event_DataProtectionDetectionSummaryEvent,AnodeIndicators.FileCategoryDistributions.Name,1
Event_DataProtectionDetectionSummaryEvent,AnodeIndicators.FileCountIncreasePercentage,1
Event_DataProtectionDetectionSummaryEvent,AnodeIndicators.Name,1
Event_DataProtectionDetectionSummaryEvent,AnodeIndicators.Score,1
Event_DataProtectionDetectionSummaryEvent,AnodeIndicators.Type,1
Event_DataProtectionDetectionSummaryEvent,CompositeId,1
Event_DataProtectionDetectionSummaryEvent,ContentPatterns,1
Event_DataProtectionDetectionSummaryEvent,ContentPatterns.ConfidenceLevel,1
Event_DataProtectionDetectionSummaryEvent,ContentPatterns.ID,1
Event_DataProtectionDetectionSummaryEvent,ContentPatterns.MatchCount,1
Event_DataProtectionDetectionSummaryEvent,ContentPatterns.Name,1
Event_DataProtectionDetectionSummaryEvent,ContentSha,1
Event_DataProtectionDetectionSummaryEvent,CustomerIdString,1
Event_DataProtectionDetectionSummaryEvent,DataVolume,1
Event_DataProtectionDetectionSummaryEvent,Description,1
Event_DataProtectionDetectionSummaryEvent,Destination,1
Event_DataProtectionDetectionSummaryEvent,Destination.Channel,1
Event_DataProtectionDetectionSummaryEvent,DetectionType,1
Event_DataProtectionDetectionSummaryEvent,EgressEventId,1
Event_DataProtectionDetectionSummaryEvent,EventTimestamp,1
Event_DataProtectionDetectionSummaryEvent,EventType,1
Event_DataProtectionDetectionSummaryEvent,ExternalApiType,1
Event_DataProtectionDetectionSummaryEvent,FalconHostLink,1
Event_DataProtectionDetectionSummaryEvent,FileType,1
Event_DataProtectionDetectionSummaryEvent,FileType.Type,1
Event_DataProtectionDetectionSummaryEvent,FileType.Type.CategoryID,1
Event_DataProtectionDetectionSummaryEvent,FileType.Type.CategoryName,1
Event_DataProtectionDetectionSummaryEvent,FileType.Type.Description,1
Event_DataProtectionDetectionSummaryEvent,FileType.Type.ID,1
Event_DataProtectionDetectionSummaryEvent,FileType.Type.Name,1
Event_DataProtectionDetectionSummaryEvent,Filename,1
Event_DataProtectionDetectionSummaryEvent,Hostname,1
Event_DataProtectionDetectionSummaryEvent,IsClipboard,1
Event_DataProtectionDetectionSummaryEvent,MatchedClassification,1
Event_DataProtectionDetectionSummaryEvent,MatchedClassification.ID,1
Event_DataProtectionDetectionSummaryEvent,MatchedClassification.Name,1
Event_DataProtectionDetectionSummaryEvent,MitreAttack,1
Event_DataProtectionDetectionSummaryEvent,MitreAttack.Tactic,1
Event_DataProtectionDetectionSummaryEvent,MitreAttack.TacticID,1
Event_DataProtectionDetectionSummaryEvent,MitreAttack.Technique,1
Event_DataProtectionDetectionSummaryEvent,MitreAttack.TechniqueID,1
Event_DataProtectionDetectionSummaryEvent,Name,1
Event_DataProtectionDetectionSummaryEvent,Nonce,1
Event_DataProtectionDetectionSummaryEvent,PatternId,1
Event_DataProtectionDetectionSummaryEvent,Platform,1
Event_DataProtectionDetectionSummaryEvent,Policy,1
Event_DataProtectionDetectionSummaryEvent,Policy.ID,1
Event_DataProtectionDetectionSummaryEvent,Policy.Name,1
Event_DataProtectionDetectionSummaryEvent,RelatedClassifications,1
Event_DataProtectionDetectionSummaryEvent,RelatedClassifications.ID,1
Event_DataProtectionDetectionSummaryEvent,RelatedClassifications.Name,1
Event_DataProtectionDetectionSummaryEvent,ResponseAction,1
Event_DataProtectionDetectionSummaryEvent,RuleId,1
Event_DataProtectionDetectionSummaryEvent,Severity,1
Event_DataProtectionDetectionSummaryEvent,SeverityName,1
Event_DataProtectionDetectionSummaryEvent,Tactic,1
Event_DataProtectionDetectionSummaryEvent,TacticId,1
Event_DataProtectionDetectionSummaryEvent,Technique,1
Event_DataProtectionDetectionSummaryEvent,TechniqueId,1
Event_DataProtectionDetectionSummaryEvent,UTCTimestamp,1
Event_DataProtectionDetectionSummaryEvent,UserName,1
Event_DataProtectionDetectionSummaryEvent,UserNotified,1
Event_DataProtectionDetectionSummaryEvent,UserSid,1
Event_DataProtectionDetectionSummaryEvent,cid,1
Event_DataProtectionDetectionSummaryEvent,eid,1
Event_DataProtectionDetectionSummaryEvent,timestamp,1
Event_DetectionSummaryEvent,AgentIdString,3
Event_DetectionSummaryEvent,AssociatedFile,3
Event_DetectionSummaryEvent,CommandLine,3
Event_DetectionSummaryEvent,ComputerName,3
Event_DetectionSummaryEvent,CustomerIdString,3
Event_DetectionSummaryEvent,DetectDescription,3
Event_DetectionSummaryEvent,DetectId,3
Event_DetectionSummaryEvent,DetectName,3
Event_DetectionSummaryEvent,EventType,3
Event_DetectionSummaryEvent,EventUUID,3
Event_DetectionSummaryEvent,ExternalApiType,3
Event_DetectionSummaryEvent,FalconHostLink,3
Event_DetectionSummaryEvent,FileName,3
Event_DetectionSummaryEvent,FilePath,3
Event_DetectionSummaryEvent,GrandparentCommandLine,3
Event_DetectionSummaryEvent,GrandparentImageFileName,3
Event_DetectionSummaryEvent,HostGroups,3
Event_DetectionSummaryEvent,IOCType,3
Event_DetectionSummaryEvent,IOCValue,3
Event_DetectionSummaryEvent,LocalIP,3
Event_DetectionSummaryEvent,MACAddress,3
Event_DetectionSummaryEvent,MD5String,3
Event_DetectionSummaryEvent,MachineDomain,3
Event_DetectionSummaryEvent,Nonce,3
Event_DetectionSummaryEvent,Objective,3
Event_DetectionSummaryEvent,OriginSourceIpAddress,3
Event_DetectionSummaryEvent,ParentCommandLine,3
Event_DetectionSummaryEvent,ParentImageFileName,3
Event_DetectionSummaryEvent,ParentProcessId,3
Event_DetectionSummaryEvent,PatternDispositionDescription,3
Event_DetectionSummaryEvent,PatternDispositionFlags,3
Event_DetectionSummaryEvent,PatternDispositionFlags.BlockingUnsupportedOrDisabled,3
Event_DetectionSummaryEvent,PatternDispositionFlags.BootupSafeguardEnabled,3
Event_DetectionSummaryEvent,PatternDispositionFlags.CriticalProcessDisabled,3
Event_DetectionSummaryEvent,PatternDispositionFlags.Detect,3
Event_DetectionSummaryEvent,PatternDispositionFlags.FsOperationBlocked,3
Event_DetectionSummaryEvent,PatternDispositionFlags.HandleOperationDowngraded,3
Event_DetectionSummaryEvent,PatternDispositionFlags.InddetMask,3
Event_DetectionSummaryEvent,PatternDispositionFlags.Indicator,3
Event_DetectionSummaryEvent,PatternDispositionFlags.KillActionFailed,3
Event_DetectionSummaryEvent,PatternDispositionFlags.KillParent,3
Event_DetectionSummaryEvent,PatternDispositionFlags.KillProcess,3
Event_DetectionSummaryEvent,PatternDispositionFlags.KillSubProcess,3
Event_DetectionSummaryEvent,PatternDispositionFlags.OperationBlocked,3
Event_DetectionSummaryEvent,PatternDispositionFlags.PolicyDisabled,3
Event_DetectionSummaryEvent,PatternDispositionFlags.ProcessBlocked,3
Event_DetectionSummaryEvent,PatternDispositionFlags.QuarantineFile,3
Event_DetectionSummaryEvent,PatternDispositionFlags.QuarantineMachine,3
Event_DetectionSummaryEvent,PatternDispositionFlags.RegistryOperationBlocked,3
Event_DetectionSummaryEvent,PatternDispositionFlags.Rooting,3
Event_DetectionSummaryEvent,PatternDispositionFlags.SensorOnly,3
Event_DetectionSummaryEvent,PatternDispositionFlags.SuspendParent,3
Event_DetectionSummaryEvent,PatternDispositionFlags.SuspendProcess,3
Event_DetectionSummaryEvent,PatternDispositionValue,3
Event_DetectionSummaryEvent,ProcessEndTime,3
Event_DetectionSummaryEvent,ProcessId,3
Event_DetectionSummaryEvent,ProcessStartTime,3
Event_DetectionSummaryEvent,SHA1String,3
Event_DetectionSummaryEvent,SHA256String,3
Event_DetectionSummaryEvent,SensorId,3
Event_DetectionSummaryEvent,Severity,3
Event_DetectionSummaryEvent,SeverityName,3
Event_DetectionSummaryEvent,Tactic,3
Event_DetectionSummaryEvent,Tags,3
Event_DetectionSummaryEvent,Technique,3
Event_DetectionSummaryEvent,UTCTimestamp,3
Event_DetectionSummaryEvent,UserName,3
Event_DetectionSummaryEvent,cid,3
Event_DetectionSummaryEvent,eid,3
Event_DetectionSummaryEvent,timestamp,3
Event_EppDetectionSummaryEvent,AgentId,14
Event_EppDetectionSummaryEvent,AgentIdString,14
Event_EppDetectionSummaryEvent,AggregateId,14
Event_EppDetectionSummaryEvent,AssociatedFile,14
Event_EppDetectionSummaryEvent,CloudIndicator,14
Event_EppDetectionSummaryEvent,CommandLine,14
Event_EppDetectionSummaryEvent,CompositeId,14
Event_EppDetectionSummaryEvent,CustomerIdString,14
Event_EppDetectionSummaryEvent,DataDomains,14
Event_EppDetectionSummaryEvent,Description,14
Event_EppDetectionSummaryEvent,EventType,14
Event_EppDetectionSummaryEvent,ExternalApiType,14
Event_EppDetectionSummaryEvent,FalconHostLink,14
Event_EppDetectionSummaryEvent,FileName,14
Event_EppDetectionSummaryEvent,FilePath,14
Event_EppDetectionSummaryEvent,FilesAccessed,14
Event_EppDetectionSummaryEvent,FilesAccessed.FileName,14
Event_EppDetectionSummaryEvent,FilesAccessed.FilePath,14
Event_EppDetectionSummaryEvent,FilesAccessed.Timestamp,14
Event_EppDetectionSummaryEvent,FilesWritten,14
Event_EppDetectionSummaryEvent,FilesWritten.FileName,14
Event_EppDetectionSummaryEvent,FilesWritten.FilePath,14
Event_EppDetectionSummaryEvent,FilesWritten.Timestamp,14
Event_EppDetectionSummaryEvent,GrandParentCommandLine,14
Event_EppDetectionSummaryEvent,GrandParentImageFileName,14
Event_EppDetectionSummaryEvent,GrandParentImageFilePath,14
Event_EppDetectionSummaryEvent,HostGroups,14
Event_EppDetectionSummaryEvent,Hostname,14
Event_EppDetectionSummaryEvent,IOCType,14
Event_EppDetectionSummaryEvent,IOCValue,14
Event_EppDetectionSummaryEvent,LocalIP,14
Event_EppDetectionSummaryEvent,LocalIPv6,14
Event_EppDetectionSummaryEvent,LogonDomain,14
Event_EppDetectionSummaryEvent,MACAddress,14
Event_EppDetectionSummaryEvent,MD5String,14
Event_EppDetectionSummaryEvent,MitreAttack,14
Event_EppDetectionSummaryEvent,MitreAttack.PatternID,14
Event_EppDetectionSummaryEvent,MitreAttack.Tactic,14
Event_EppDetectionSummaryEvent,MitreAttack.TacticID,14
Event_EppDetectionSummaryEvent,MitreAttack.Technique,14
Event_EppDetectionSummaryEvent,MitreAttack.TechniqueID,14
Event_EppDetectionSummaryEvent,Name,14
Event_EppDetectionSummaryEvent,NetworkAccesses,14
Event_EppDetectionSummaryEvent,NetworkAccesses.AccessTimestamp,14
Event_EppDetectionSummaryEvent,NetworkAccesses.AccessType,14
Event_EppDetectionSummaryEvent,NetworkAccesses.ConnectionDirection,14
Event_EppDetectionSummaryEvent,NetworkAccesses.IsIPV6,14
Event_EppDetectionSummaryEvent,NetworkAccesses.LocalAddress,14
Event_EppDetectionSummaryEvent,NetworkAccesses.LocalPort,14
Event_EppDetectionSummaryEvent,NetworkAccesses.Protocol,14
Event_EppDetectionSummaryEvent,NetworkAccesses.RemoteAddress,14
Event_EppDetectionSummaryEvent,NetworkAccesses.RemotePort,14
Event_EppDetectionSummaryEvent,Nonce,14
Event_EppDetectionSummaryEvent,Objective,14
Event_EppDetectionSummaryEvent,ParentCommandLine,14
Event_EppDetectionSummaryEvent,ParentImageFileName,14
Event_EppDetectionSummaryEvent,ParentImageFilePath,14
Event_EppDetectionSummaryEvent,ParentProcessId,14
Event_EppDetectionSummaryEvent,PatternDispositionDescription,14
Event_EppDetectionSummaryEvent,PatternDispositionFlags,14
Event_EppDetectionSummaryEvent,PatternDispositionFlags.BlockingUnsupportedOrDisabled,14
Event_EppDetectionSummaryEvent,PatternDispositionFlags.BootupSafeguardEnabled,14
Event_EppDetectionSummaryEvent,PatternDispositionFlags.ContainmentFileSystem,14
Event_EppDetectionSummaryEvent,PatternDispositionFlags.CriticalProcessDisabled,14
Event_EppDetectionSummaryEvent,PatternDispositionFlags.Detect,14
Event_EppDetectionSummaryEvent,PatternDispositionFlags.FsOperationBlocked,14
Event_EppDetectionSummaryEvent,PatternDispositionFlags.HandleOperationDowngraded,14
Event_EppDetectionSummaryEvent,PatternDispositionFlags.InddetMask,14
Event_EppDetectionSummaryEvent,PatternDispositionFlags.Indicator,14
Event_EppDetectionSummaryEvent,PatternDispositionFlags.KillActionFailed,14
Event_EppDetectionSummaryEvent,PatternDispositionFlags.KillParent,14
Event_EppDetectionSummaryEvent,PatternDispositionFlags.KillProcess,14
Event_EppDetectionSummaryEvent,PatternDispositionFlags.KillSubProcess,14
Event_EppDetectionSummaryEvent,PatternDispositionFlags.OperationBlocked,14
Event_EppDetectionSummaryEvent,PatternDispositionFlags.PolicyDisabled,14
Event_EppDetectionSummaryEvent,PatternDispositionFlags.ProcessBlocked,14
Event_EppDetectionSummaryEvent,PatternDispositionFlags.QuarantineFile,14
Event_EppDetectionSummaryEvent,PatternDispositionFlags.QuarantineMachine,14
Event_EppDetectionSummaryEvent,PatternDispositionFlags.RegistryOperationBlocked,14
Event_EppDetectionSummaryEvent,PatternDispositionFlags.Rooting,14
Event_EppDetectionSummaryEvent,PatternDispositionFlags.SensorOnly,14
Event_EppDetectionSummaryEvent,PatternDispositionFlags.SuspendParent,14
Event_EppDetectionSummaryEvent,PatternDispositionFlags.SuspendProcess,14
Event_EppDetectionSummaryEvent,PatternDispositionValue,14
Event_EppDetectionSummaryEvent,PatternId,14
Event_EppDetectionSummaryEvent,PlatformId,14
Event_EppDetectionSummaryEvent,PlatformName,14
Event_EppDetectionSummaryEvent,ProcessEndTime,14
Event_EppDetectionSummaryEvent,ProcessId,14
Event_EppDetectionSummaryEvent,ProcessStartTime,14
Event_EppDetectionSummaryEvent,ReferrerUrl,14
Event_EppDetectionSummaryEvent,SHA1String,14
Event_EppDetectionSummaryEvent,SHA256String,14
Event_EppDetectionSummaryEvent,Severity,14
Event_EppDetectionSummaryEvent,SeverityName,14
Event_EppDetectionSummaryEvent,SourceProducts,14
Event_EppDetectionSummaryEvent,SourceVendors,14
Event_EppDetectionSummaryEvent,Tactic,14
Event_EppDetectionSummaryEvent,Technique,14
Event_EppDetectionSummaryEvent,Type,14
Event_EppDetectionSummaryEvent,UTCTimestamp,14
Event_EppDetectionSummaryEvent,UserName,14
Event_EppDetectionSummaryEvent,cid,14
Event_EppDetectionSummaryEvent,eid,14
Event_EppDetectionSummaryEvent,timestamp,14
Event_FileIntegrityMonitorRuleMatchedEnriched,AgentIdString,4
Event_FileIntegrityMonitorRuleMatchedEnriched,ChangeId,4
Event_FileIntegrityMonitorRuleMatchedEnriched,ContentDiff,4
Event_FileIntegrityMonitorRuleMatchedEnriched,ContentDiff.Exists,4
Event_FileIntegrityMonitorRuleMatchedEnriched,ContentDiff.SHA256,4
Event_FileIntegrityMonitorRuleMatchedEnriched,CustomerIdString,4
Event_FileIntegrityMonitorRuleMatchedEnriched,EventType,4
Event_FileIntegrityMonitorRuleMatchedEnriched,EventUUID,4
Event_FileIntegrityMonitorRuleMatchedEnriched,ExternalApiType,4
Event_FileIntegrityMonitorRuleMatchedEnriched,Host,4
Event_FileIntegrityMonitorRuleMatchedEnriched,Host.Name,4
Event_FileIntegrityMonitorRuleMatchedEnriched,Nonce,4
Event_FileIntegrityMonitorRuleMatchedEnriched,Policy,4
Event_FileIntegrityMonitorRuleMatchedEnriched,Policy.ID,4
Event_FileIntegrityMonitorRuleMatchedEnriched,Policy.Name,4
Event_FileIntegrityMonitorRuleMatchedEnriched,Policy.RuleBasePath,4
Event_FileIntegrityMonitorRuleMatchedEnriched,Policy.RuleGroupName,4
Event_FileIntegrityMonitorRuleMatchedEnriched,Prevalence,4
Event_FileIntegrityMonitorRuleMatchedEnriched,Prevalence.Key,4
Event_FileIntegrityMonitorRuleMatchedEnriched,Suppression,4
Event_FileIntegrityMonitorRuleMatchedEnriched,Suppression.Suppressed,4
Event_FileIntegrityMonitorRuleMatchedEnriched,UTCTimestamp,4
Event_FileIntegrityMonitorRuleMatchedEnriched,User,4
Event_FileIntegrityMonitorRuleMatchedEnriched,User.ID,4
Event_FileIntegrityMonitorRuleMatchedEnriched,User.Name,4
Event_FileIntegrityMonitorRuleMatchedEnriched,cid,4
Event_FileIntegrityMonitorRuleMatchedEnriched,eid,4
Event_FileIntegrityMonitorRuleMatchedEnriched,timestamp,4
ExecutableDeleted,ConfigBuild,3
ExecutableDeleted,ConfigStateHash,3
ExecutableDeleted,ContextProcessId,3
ExecutableDeleted,ContextThreadId,3
ExecutableDeleted,ContextTimeStamp,3
ExecutableDeleted,EffectiveTransmissionClass,3
ExecutableDeleted,Entitlements,3
ExecutableDeleted,EventOrigin,3
ExecutableDeleted,FileIdentifier,3
ExecutableDeleted,FileObject,3
ExecutableDeleted,IrpFlags,3
ExecutableDeleted,MajorFunction,3
ExecutableDeleted,MinorFunction,3
ExecutableDeleted,OperationFlags,3
ExecutableDeleted,TargetFileName,3
ExecutableDeleted,aid,3
ExecutableDeleted,aip,3
ExecutableDeleted,cid,3
ExecutableDeleted,event_platform,3
ExecutableDeleted,event_simpleName,3
ExecutableDeleted,id,3
ExecutableDeleted,name,3
ExecutableDeleted,timestamp,3
FalconProcessHandleOpDetectInfo,CommandLine,2
FalconProcessHandleOpDetectInfo,ComputerName,2
FalconProcessHandleOpDetectInfo,ConfigBuild,2
FalconProcessHandleOpDetectInfo,ConfigStateHash,2
FalconProcessHandleOpDetectInfo,ContextProcessId,2
FalconProcessHandleOpDetectInfo,ContextProcessTagsAsString,2
FalconProcessHandleOpDetectInfo,DesiredAccess,2
FalconProcessHandleOpDetectInfo,EffectiveTransmissionClass,2
FalconProcessHandleOpDetectInfo,Entitlements,2
FalconProcessHandleOpDetectInfo,EventOrigin,2
FalconProcessHandleOpDetectInfo,GrandparentCommandLine,2
FalconProcessHandleOpDetectInfo,GrandparentImageFileName,2
FalconProcessHandleOpDetectInfo,GrandparentProcessId,2
FalconProcessHandleOpDetectInfo,GrandparentProcessPatternIdList,2
FalconProcessHandleOpDetectInfo,HandleOperationType,2
FalconProcessHandleOpDetectInfo,ImageFileName,2
FalconProcessHandleOpDetectInfo,LocalAddressIP4,2
FalconProcessHandleOpDetectInfo,ParentCommandLine,2
FalconProcessHandleOpDetectInfo,ParentImageFileName,2
FalconProcessHandleOpDetectInfo,ParentProcessId,2
FalconProcessHandleOpDetectInfo,ParentProcessPatternIdList,2
FalconProcessHandleOpDetectInfo,PatternId,2
FalconProcessHandleOpDetectInfo,PatternIdList,2
FalconProcessHandleOpDetectInfo,TargetProcessCommandLine,2
FalconProcessHandleOpDetectInfo,TargetProcessId,2
FalconProcessHandleOpDetectInfo,TargetProcessImageFileName,2
FalconProcessHandleOpDetectInfo,TemplateDisposition,2
FalconProcessHandleOpDetectInfo,TemplateInstanceId,2
FalconProcessHandleOpDetectInfo,UserName,2
FalconProcessHandleOpDetectInfo,UserPrincipal,2
FalconProcessHandleOpDetectInfo,aid,2
FalconProcessHandleOpDetectInfo,aip,2
FalconProcessHandleOpDetectInfo,cid,2
FalconProcessHandleOpDetectInfo,event_platform,2
FalconProcessHandleOpDetectInfo,event_simpleName,2
FalconProcessHandleOpDetectInfo,id,2
FalconProcessHandleOpDetectInfo,name,2
FalconProcessHandleOpDetectInfo,timestamp,2
FileCreateInfo,ConfigBuild,1
FileCreateInfo,ConfigStateHash,1
FileCreateInfo,ContextProcessId,1
FileCreateInfo,ContextThreadId,1
FileCreateInfo,ContextTimeStamp,1
FileCreateInfo,EffectiveTransmissionClass,1
FileCreateInfo,Entitlements,1
FileCreateInfo,EventOrigin,1
FileCreateInfo,GID,1
FileCreateInfo,TargetFileName,1
FileCreateInfo,TreeId,1
FileCreateInfo,UID,1
FileCreateInfo,UnixMode,1
FileCreateInfo,aid,1
FileCreateInfo,aip,1
FileCreateInfo,cid,1
FileCreateInfo,event_platform,1
FileCreateInfo,event_simpleName,1
FileCreateInfo,id,1
FileCreateInfo,name,1
FileCreateInfo,timestamp,1
FileDeleteInfo,ConfigBuild,1
FileDeleteInfo,ConfigStateHash,1
FileDeleteInfo,ContextProcessId,1
FileDeleteInfo,ContextThreadId,1
FileDeleteInfo,ContextTimeStamp,1
FileDeleteInfo,EffectiveTransmissionClass,1
FileDeleteInfo,Entitlements,1
FileDeleteInfo,EventOrigin,1
FileDeleteInfo,TargetFileName,1
FileDeleteInfo,TreeId,1
FileDeleteInfo,aid,1
FileDeleteInfo,aip,1
FileDeleteInfo,cid,1
FileDeleteInfo,event_platform,1
FileDeleteInfo,event_simpleName,1
FileDeleteInfo,id,1
FileDeleteInfo,name,1
FileDeleteInfo,timestamp,1
FileDeleted,ComputerName,1
FileDeleted,ConfigBuild,1
FileDeleted,ConfigStateHash,1
FileDeleted,ContextProcessId,1
FileDeleted,ContextThreadId,1
FileDeleted,ContextTimeStamp,1
FileDeleted,EffectiveTransmissionClass,1
FileDeleted,Entitlements,1
FileDeleted,EventOrigin,1
FileDeleted,FileEcpBitmask,1
FileDeleted,FileIdentifier,1
FileDeleted,FileObject,1
FileDeleted,HandleCreateAuthenticationId,1
FileDeleted,IrpFlags,1
FileDeleted,MajorFunction,1
FileDeleted,MinorFunction,1
FileDeleted,OperationFlags,1
FileDeleted,TargetFileName,1
FileDeleted,aid,1
FileDeleted,aip,1
FileDeleted,cid,1
FileDeleted,event_platform,1
FileDeleted,event_simpleName,1
FileDeleted,id,1
FileDeleted,name,1
FileDeleted,timestamp,1
FileExtendedAttrOperation,ConfigBuild,1
FileExtendedAttrOperation,ConfigStateHash,1
FileExtendedAttrOperation,ContextProcessId,1
FileExtendedAttrOperation,EffectiveTransmissionClass,1
FileExtendedAttrOperation,Entitlements,1
FileExtendedAttrOperation,EventOrigin,1
FileExtendedAttrOperation,ExtendedAttributeModificationType,1
FileExtendedAttrOperation,ExtendedAttributeName,1
FileExtendedAttrOperation,ExtendedAttributeStatus,1
FileExtendedAttrOperation,FileIdentifier,1
FileExtendedAttrOperation,LocalAddressIP4,1
FileExtendedAttrOperation,Size,1
FileExtendedAttrOperation,TargetFileName,1
FileExtendedAttrOperation,UserName,1
FileExtendedAttrOperation,UserPrincipal,1
FileExtendedAttrOperation,VnodeType,1
FileExtendedAttrOperation,aid,1
FileExtendedAttrOperation,aip,1
FileExtendedAttrOperation,cid,1
FileExtendedAttrOperation,event_platform,1
FileExtendedAttrOperation,event_simpleName,1
FileExtendedAttrOperation,id,1
FileExtendedAttrOperation,name,1
FileExtendedAttrOperation,timestamp,1
FileIntegrityMonitorRuleMatched,AuthenticationId,7
FileIntegrityMonitorRuleMatched,CommandLine,7
FileIntegrityMonitorRuleMatched,ComputerName,7
FileIntegrityMonitorRuleMatched,ConfigBuild,7
FileIntegrityMonitorRuleMatched,ConfigStateHash,7
FileIntegrityMonitorRuleMatched,ContextProcessId,7
FileIntegrityMonitorRuleMatched,ContextTimeStamp,7
FileIntegrityMonitorRuleMatched,EffectiveTransmissionClass,7
FileIntegrityMonitorRuleMatched,Entitlements,7
FileIntegrityMonitorRuleMatched,EventOrigin,7
FileIntegrityMonitorRuleMatched,GrandparentImageFileName,7
FileIntegrityMonitorRuleMatched,ImageFileName,7
FileIntegrityMonitorRuleMatched,IsEBPF,7
FileIntegrityMonitorRuleMatched,IsFromDifferentMountNamespace,7
FileIntegrityMonitorRuleMatched,LocalAddressIP4,7
FileIntegrityMonitorRuleMatched,NewFileAttributesLinux,7
FileIntegrityMonitorRuleMatched,NewUnixPermissions,7
FileIntegrityMonitorRuleMatched,ObjectAccessOperationType,7
FileIntegrityMonitorRuleMatched,ObjectName,7
FileIntegrityMonitorRuleMatched,ObjectNameNew,7
FileIntegrityMonitorRuleMatched,ObjectType,7
FileIntegrityMonitorRuleMatched,ParentImageFileName,7
FileIntegrityMonitorRuleMatched,PolicyIdentifier,7
FileIntegrityMonitorRuleMatched,PolicyRuleGroupID,7
FileIntegrityMonitorRuleMatched,PolicyRuleID,7
FileIntegrityMonitorRuleMatched,PolicyRuleSeverity,7
FileIntegrityMonitorRuleMatched,PreviousFileAttributesLinux,7
FileIntegrityMonitorRuleMatched,PreviousUnixPermissions,7
FileIntegrityMonitorRuleMatched,RUID,7
FileIntegrityMonitorRuleMatched,RawProcessId,7
FileIntegrityMonitorRuleMatched,RegType,7
FileIntegrityMonitorRuleMatched,RuleModifiedTimeStamp,7
FileIntegrityMonitorRuleMatched,SecurityInformationLinux,7
FileIntegrityMonitorRuleMatched,UID,7
FileIntegrityMonitorRuleMatched,UserName,7
FileIntegrityMonitorRuleMatched,UserSid,7
FileIntegrityMonitorRuleMatched,aid,7
FileIntegrityMonitorRuleMatched,aip,7
FileIntegrityMonitorRuleMatched,cid,7
FileIntegrityMonitorRuleMatched,event_platform,7
FileIntegrityMonitorRuleMatched,event_simpleName,7
FileIntegrityMonitorRuleMatched,id,7
FileIntegrityMonitorRuleMatched,name,7
FileIntegrityMonitorRuleMatched,timestamp,7
FileOpenInfo,ConfigBuild,1
FileOpenInfo,ConfigStateHash,1
FileOpenInfo,ContextProcessId,1
FileOpenInfo,ContextThreadId,1
FileOpenInfo,ContextTimeStamp,1
FileOpenInfo,DesiredAccess,1
FileOpenInfo,EffectiveTransmissionClass,1
FileOpenInfo,Entitlements,1
FileOpenInfo,EventOrigin,1
FileOpenInfo,ShareAccess,1
FileOpenInfo,Status,1
FileOpenInfo,TargetFileName,1
FileOpenInfo,TreeId,1
FileOpenInfo,aid,1
FileOpenInfo,aip,1
FileOpenInfo,cid,1
FileOpenInfo,event_platform,1
FileOpenInfo,event_simpleName,1
FileOpenInfo,id,1
FileOpenInfo,name,1
FileOpenInfo,timestamp,1
FileRenameInfo,ConfigBuild,1
FileRenameInfo,ConfigStateHash,1
FileRenameInfo,ContextProcessId,1
FileRenameInfo,ContextThreadId,1
FileRenameInfo,ContextTimeStamp,1
FileRenameInfo,EffectiveTransmissionClass,1
FileRenameInfo,Entitlements,1
FileRenameInfo,EventOrigin,1
FileRenameInfo,SourceFileName,1
FileRenameInfo,TargetFileName,1
FileRenameInfo,TreeId,1
FileRenameInfo,aid,1
FileRenameInfo,aip,1
FileRenameInfo,cid,1
FileRenameInfo,event_platform,1
FileRenameInfo,event_simpleName,1
FileRenameInfo,id,1
FileRenameInfo,name,1
FileRenameInfo,timestamp,1
FileSystemOperationDetectInfo,CommandLine,1
FileSystemOperationDetectInfo,ConfigBuild,1
FileSystemOperationDetectInfo,ConfigStateHash,1
FileSystemOperationDetectInfo,ContextProcessId,1
FileSystemOperationDetectInfo,ContextTimeStamp,1
FileSystemOperationDetectInfo,EffectiveTransmissionClass,1
FileSystemOperationDetectInfo,Entitlements,1
FileSystemOperationDetectInfo,EventOrigin,1
FileSystemOperationDetectInfo,FileSystemOperationType,1
FileSystemOperationDetectInfo,FsOperationClassification,1
FileSystemOperationDetectInfo,FsOperationClassificationFlags,1
FileSystemOperationDetectInfo,ImageFileName,1
FileSystemOperationDetectInfo,PatternId,1
FileSystemOperationDetectInfo,TargetFileName,1
FileSystemOperationDetectInfo,TemplateDisposition,1
FileSystemOperationDetectInfo,TemplateInstanceId,1
FileSystemOperationDetectInfo,aid,1
FileSystemOperationDetectInfo,aip,1
FileSystemOperationDetectInfo,cid,1
FileSystemOperationDetectInfo,event_platform,1
FileSystemOperationDetectInfo,event_simpleName,1
FileSystemOperationDetectInfo,id,1
FileSystemOperationDetectInfo,name,1
FileSystemOperationDetectInfo,timestamp,1
FileVaultStatus,ConfigBuild,1
FileVaultStatus,ConfigStateHash,1
FileVaultStatus,EffectiveTransmissionClass,1
FileVaultStatus,Entitlements,1
FileVaultStatus,EventOrigin,1
FileVaultStatus,FileVaultIsEnabled,1
FileVaultStatus,LocalAddressIP4,1
FileVaultStatus,UserName,1
FileVaultStatus,UserPrincipal,1
FileVaultStatus,aid,1
FileVaultStatus,aip,1
FileVaultStatus,cid,1
FileVaultStatus,event_platform,1
FileVaultStatus,event_simpleName,1
FileVaultStatus,id,1
FileVaultStatus,name,1
FileVaultStatus,timestamp,1
FileWrittenWithEntropyHigh,Attacks,1
FileWrittenWithEntropyHigh,Attacks.Tactic,1
FileWrittenWithEntropyHigh,Attacks.Technique,1
FileWrittenWithEntropyHigh,AuthenticationId,1
FileWrittenWithEntropyHigh,BoundingLimitCount,1
FileWrittenWithEntropyHigh,BoundingLimitDuration,1
FileWrittenWithEntropyHigh,ComputerName,1
FileWrittenWithEntropyHigh,ConfigBuild,1
FileWrittenWithEntropyHigh,ConfigStateHash,1
FileWrittenWithEntropyHigh,ContextProcessId,1
FileWrittenWithEntropyHigh,ContextTimeStamp,1
FileWrittenWithEntropyHigh,EffectiveTransmissionClass,1
FileWrittenWithEntropyHigh,Entitlements,1
FileWrittenWithEntropyHigh,EventOrigin,1
FileWrittenWithEntropyHigh,FileEcpBitmask,1
FileWrittenWithEntropyHigh,ShannonEntropy,1
FileWrittenWithEntropyHigh,Size,1
FileWrittenWithEntropyHigh,TargetFileName,1
FileWrittenWithEntropyHigh,aid,1
FileWrittenWithEntropyHigh,event_platform,1
FileWrittenWithEntropyHigh,event_simpleName,1
FileWrittenWithEntropyHigh,id,1
FileWrittenWithEntropyHigh,name,1
FileWrittenWithEntropyHigh,timestamp,1
FirewallChangeOption,ConfigBuild,1
FirewallChangeOption,ConfigStateHash,1
FirewallChangeOption,ContextProcessId,1
FirewallChangeOption,ContextTimeStamp,1
FirewallChangeOption,EffectiveTransmissionClass,1
FirewallChangeOption,Entitlements,1
FirewallChangeOption,EventOrigin,1
FirewallChangeOption,FirewallOption,1
FirewallChangeOption,FirewallOptionNumericValue,1
FirewallChangeOption,FirewallProfile,1
FirewallChangeOption,aid,1
FirewallChangeOption,aip,1
FirewallChangeOption,cid,1
FirewallChangeOption,event_platform,1
FirewallChangeOption,event_simpleName,1
FirewallChangeOption,id,1
FirewallChangeOption,name,1
FirewallChangeOption,timestamp,1
FirewallDeleteRule,ConfigBuild,1
FirewallDeleteRule,ConfigStateHash,1
FirewallDeleteRule,ContextProcessId,1
FirewallDeleteRule,ContextTimeStamp,1
FirewallDeleteRule,EffectiveTransmissionClass,1
FirewallDeleteRule,Entitlements,1
FirewallDeleteRule,EventOrigin,1
FirewallDeleteRule,FirewallRuleId,1
FirewallDeleteRule,aid,1
FirewallDeleteRule,aip,1
FirewallDeleteRule,cid,1
FirewallDeleteRule,event_platform,1
FirewallDeleteRule,event_simpleName,1
FirewallDeleteRule,id,1
FirewallDeleteRule,name,1
FirewallDeleteRule,timestamp,1
FirewallDisabled,ConfigBuild,2
FirewallDisabled,ConfigStateHash,2
FirewallDisabled,ContextProcessId,2
FirewallDisabled,ContextTimeStamp,2
FirewallDisabled,EffectiveTransmissionClass,2
FirewallDisabled,Entitlements,2
FirewallDisabled,EventOrigin,2
FirewallDisabled,aid,2
FirewallDisabled,aip,2
FirewallDisabled,cid,2
FirewallDisabled,event_platform,2
FirewallDisabled,event_simpleName,2
FirewallDisabled,id,2
FirewallDisabled,name,2
FirewallDisabled,timestamp,2
FirewallEnabled,ConfigBuild,2
FirewallEnabled,ConfigStateHash,2
FirewallEnabled,ContextProcessId,2
FirewallEnabled,ContextTimeStamp,2
FirewallEnabled,EffectiveTransmissionClass,2
FirewallEnabled,Entitlements,2
FirewallEnabled,EventOrigin,2
FirewallEnabled,aid,2
FirewallEnabled,aip,2
FirewallEnabled,cid,2
FirewallEnabled,event_platform,2
FirewallEnabled,event_simpleName,2
FirewallEnabled,id,2
FirewallEnabled,name,2
FirewallEnabled,timestamp,2
FirewallRuleIP4Matched,CommandLine,1
FirewallRuleIP4Matched,ComputerName,1
FirewallRuleIP4Matched,ConfigBuild,1
FirewallRuleIP4Matched,ConfigStateHash,1
FirewallRuleIP4Matched,ConnectionDirection,1
FirewallRuleIP4Matched,ContextProcessId,1
FirewallRuleIP4Matched,ContextTimeStamp,1
FirewallRuleIP4Matched,EffectiveTransmissionClass,1
FirewallRuleIP4Matched,Entitlements,1
FirewallRuleIP4Matched,EventOrigin,1
FirewallRuleIP4Matched,HbfwRuleFlags,1
FirewallRuleIP4Matched,HbfwRuleId,1
FirewallRuleIP4Matched,ImageFileName,1
FirewallRuleIP4Matched,LocalAddressIP4,1
FirewallRuleIP4Matched,LocalPort,1
FirewallRuleIP4Matched,NetworkInterfaceGuid,1
FirewallRuleIP4Matched,NetworkProfile,1
FirewallRuleIP4Matched,PolicyIdentifier,1
FirewallRuleIP4Matched,Protocol,1
FirewallRuleIP4Matched,RemoteAddressIP4,1
FirewallRuleIP4Matched,RemotePort,1
FirewallRuleIP4Matched,RuleAction,1
FirewallRuleIP4Matched,RuleMatchCount,1
FirewallRuleIP4Matched,RuleMatchCountSinceLastReport,1
FirewallRuleIP4Matched,aid,1
FirewallRuleIP4Matched,aip,1
FirewallRuleIP4Matched,cid,1
FirewallRuleIP4Matched,event_platform,1
FirewallRuleIP4Matched,event_simpleName,1
FirewallRuleIP4Matched,id,1
FirewallRuleIP4Matched,name,1
FirewallRuleIP4Matched,timestamp,1
FirewallSetRule,ConfigBuild,1
FirewallSetRule,ConfigStateHash,1
FirewallSetRule,ContextProcessId,1
FirewallSetRule,ContextTimeStamp,1
FirewallSetRule,EffectiveTransmissionClass,1
FirewallSetRule,Entitlements,1
FirewallSetRule,EventOrigin,1
FirewallSetRule,FirewallRule,1
FirewallSetRule,FirewallRuleId,1
FirewallSetRule,aid,1
FirewallSetRule,aip,1
FirewallSetRule,cid,1
FirewallSetRule,event_platform,1
FirewallSetRule,event_simpleName,1
FirewallSetRule,id,1
FirewallSetRule,name,1
FirewallSetRule,timestamp,1
FirewallSetRuleIP4,ConfigBuild,1
FirewallSetRuleIP4,ConfigStateHash,1
FirewallSetRuleIP4,ConnectionDirection,1
FirewallSetRuleIP4,ContextProcessId,1
FirewallSetRuleIP4,ContextTimeStamp,1
FirewallSetRuleIP4,EffectiveTransmissionClass,1
FirewallSetRuleIP4,Entitlements,1
FirewallSetRuleIP4,EventOrigin,1
FirewallSetRuleIP4,FirewallAction,1
FirewallSetRuleIP4,InterfaceAlias,1
FirewallSetRuleIP4,IsUnique,1
FirewallSetRuleIP4,LocalAddressIP4,1
FirewallSetRuleIP4,LocalAddressMaskIP4,1
FirewallSetRuleIP4,NegateInterface,1
FirewallSetRuleIP4,NegateLocalAddress,1
FirewallSetRuleIP4,NegateRemoteAddress,1
FirewallSetRuleIP4,Protocol,1
FirewallSetRuleIP4,RemoteAddressIP4,1
FirewallSetRuleIP4,RemoteAddressMaskIP4,1
FirewallSetRuleIP4,aid,1
FirewallSetRuleIP4,aip,1
FirewallSetRuleIP4,cid,1
FirewallSetRuleIP4,event_platform,1
FirewallSetRuleIP4,event_simpleName,1
FirewallSetRuleIP4,id,1
FirewallSetRuleIP4,name,1
FirewallSetRuleIP4,timestamp,1
FirewallSetRuleIP6,ConfigBuild,1
FirewallSetRuleIP6,ConfigStateHash,1
FirewallSetRuleIP6,ConnectionDirection,1
FirewallSetRuleIP6,ContextProcessId,1
FirewallSetRuleIP6,ContextTimeStamp,1
FirewallSetRuleIP6,EffectiveTransmissionClass,1
FirewallSetRuleIP6,Entitlements,1
FirewallSetRuleIP6,EventOrigin,1
FirewallSetRuleIP6,FirewallAction,1
FirewallSetRuleIP6,IcmpCode,1
FirewallSetRuleIP6,IcmpType,1
FirewallSetRuleIP6,InterfaceAlias,1
FirewallSetRuleIP6,IsUnique,1
FirewallSetRuleIP6,LocalAddressIP6,1
FirewallSetRuleIP6,LocalAddressMaskIP6,1
FirewallSetRuleIP6,NegateInterface,1
FirewallSetRuleIP6,NegateLocalAddress,1
FirewallSetRuleIP6,NegateRemoteAddress,1
FirewallSetRuleIP6,Protocol,1
FirewallSetRuleIP6,RemoteAddressIP6,1
FirewallSetRuleIP6,RemoteAddressMaskIP6,1
FirewallSetRuleIP6,aid,1
FirewallSetRuleIP6,aip,1
FirewallSetRuleIP6,cid,1
FirewallSetRuleIP6,event_platform,1
FirewallSetRuleIP6,event_simpleName,1
FirewallSetRuleIP6,id,1
FirewallSetRuleIP6,name,1
FirewallSetRuleIP6,timestamp,1
FirmwareAnalysisStatus,BootTimeFunctionalityLevel,1
FirmwareAnalysisStatus,ConfigBuild,1
FirmwareAnalysisStatus,ConfigStateHash,1
FirmwareAnalysisStatus,CurrentFunctionalityLevel,1
FirmwareAnalysisStatus,EffectiveTransmissionClass,1
FirmwareAnalysisStatus,Entitlements,1
FirmwareAnalysisStatus,FirmwareAnalysisEclConsumerInterfaceVersion,1
FirmwareAnalysisStatus,FirmwareAnalysisEclControlInterfaceVersion,1
FirmwareAnalysisStatus,PciAttachmentState,1
FirmwareAnalysisStatus,ReasonOfFunctionalityLevel,1
FirmwareAnalysisStatus,aid,1
FirmwareAnalysisStatus,aip,1
FirmwareAnalysisStatus,cid,1
FirmwareAnalysisStatus,event_platform,1
FirmwareAnalysisStatus,event_simpleName,1
FirmwareAnalysisStatus,id,1
FirmwareAnalysisStatus,name,1
FirmwareAnalysisStatus,timestamp,1
FirmwareImageAnalyzed,ConfigBuild,1
FirmwareImageAnalyzed,ConfigStateHash,1
FirmwareImageAnalyzed,EffectiveTransmissionClass,1
FirmwareImageAnalyzed,Entitlements,1
FirmwareImageAnalyzed,EventOrigin,1
FirmwareImageAnalyzed,FirmwareSize,1
FirmwareImageAnalyzed,FirmwareType,1
FirmwareImageAnalyzed,LocalAddressIP4,1
FirmwareImageAnalyzed,MeasurementType,1
FirmwareImageAnalyzed,MillisecondsToReadFirmware,1
FirmwareImageAnalyzed,NumberOfMeasurements,1
FirmwareImageAnalyzed,SHA256HashData,1
FirmwareImageAnalyzed,aid,1
FirmwareImageAnalyzed,aip,1
FirmwareImageAnalyzed,cid,1
FirmwareImageAnalyzed,event_platform,1
FirmwareImageAnalyzed,event_simpleName,1
FirmwareImageAnalyzed,id,1
FirmwareImageAnalyzed,name,1
FirmwareImageAnalyzed,timestamp,1
FsPostOpenSnapshotFile,ConfigBuild,1
FsPostOpenSnapshotFile,ConfigStateHash,1
FsPostOpenSnapshotFile,ContextProcessId,1
FsPostOpenSnapshotFile,ContextThreadId,1
FsPostOpenSnapshotFile,ContextTimeStamp,1
FsPostOpenSnapshotFile,DesiredAccess,1
FsPostOpenSnapshotFile,EffectiveTransmissionClass,1
FsPostOpenSnapshotFile,Entitlements,1
FsPostOpenSnapshotFile,EventOrigin,1
FsPostOpenSnapshotFile,FileAttributes,1
FsPostOpenSnapshotFile,FileEcpBitmask,1
FsPostOpenSnapshotFile,FileIdentifier,1
FsPostOpenSnapshotFile,FileObject,1
FsPostOpenSnapshotFile,FltCallbackData,1
FsPostOpenSnapshotFile,FltCompletionContext,1
FsPostOpenSnapshotFile,FltRelatedObjects,1
FsPostOpenSnapshotFile,HandleCreateAuthenticationId,1
FsPostOpenSnapshotFile,Information,1
FsPostOpenSnapshotFile,IrpFlags,1
FsPostOpenSnapshotFile,MajorFunction,1
FsPostOpenSnapshotFile,MinorFunction,1
FsPostOpenSnapshotFile,OperationFlags,1
FsPostOpenSnapshotFile,Options,1
FsPostOpenSnapshotFile,ShareAccess,1
FsPostOpenSnapshotFile,SourceEventUniqueId,1
FsPostOpenSnapshotFile,Status,1
FsPostOpenSnapshotFile,TargetFileName,1
FsPostOpenSnapshotFile,aid,1
FsPostOpenSnapshotFile,aip,1
FsPostOpenSnapshotFile,cid,1
FsPostOpenSnapshotFile,event_platform,1
FsPostOpenSnapshotFile,event_simpleName,1
FsPostOpenSnapshotFile,id,1
FsPostOpenSnapshotFile,name,1
FsPostOpenSnapshotFile,timestamp,1
FsVolumeMounted,ConfigBuild,2
FsVolumeMounted,ConfigStateHash,2
FsVolumeMounted,ContextProcessId,2
FsVolumeMounted,ContextThreadId,2
FsVolumeMounted,ContextTimeStamp,2
FsVolumeMounted,DiskParentDeviceInstanceId,2
FsVolumeMounted,EffectiveTransmissionClass,2
FsVolumeMounted,Entitlements,2
FsVolumeMounted,VolumeAppearanceTime,2
FsVolumeMounted,VolumeBusName,2
FsVolumeMounted,VolumeBusPath,2
FsVolumeMounted,VolumeDeviceCharacteristics,2
FsVolumeMounted,VolumeDeviceInternal,2
FsVolumeMounted,VolumeDeviceModel,2
FsVolumeMounted,VolumeDeviceObjectFlags,2
FsVolumeMounted,VolumeDevicePath,2
FsVolumeMounted,VolumeDeviceProtocol,2
FsVolumeMounted,VolumeDeviceRevision,2
FsVolumeMounted,VolumeDeviceType,2
FsVolumeMounted,VolumeDeviceVendor,2
FsVolumeMounted,VolumeDriveLetter,2
FsVolumeMounted,VolumeFileSystemDevice,2
FsVolumeMounted,VolumeFileSystemDriver,2
FsVolumeMounted,VolumeFileSystemType,2
FsVolumeMounted,VolumeIsEncrypted,2
FsVolumeMounted,VolumeIsNetwork,2
FsVolumeMounted,VolumeMediaBSDMajor,2
FsVolumeMounted,VolumeMediaBSDMinor,2
FsVolumeMounted,VolumeMediaBSDName,2
FsVolumeMounted,VolumeMediaBSDUnit,2
FsVolumeMounted,VolumeMediaContent,2
FsVolumeMounted,VolumeMediaEjectable,2
FsVolumeMounted,VolumeMediaName,2
FsVolumeMounted,VolumeMediaPath,2
FsVolumeMounted,VolumeMediaRemovable,2
FsVolumeMounted,VolumeMediaSize,2
FsVolumeMounted,VolumeMediaUUID,2
FsVolumeMounted,VolumeMediaWhole,2
FsVolumeMounted,VolumeMediaWritable,2
FsVolumeMounted,VolumeMountPoint,2
FsVolumeMounted,VolumeName,2
FsVolumeMounted,VolumeRealDeviceName,2
FsVolumeMounted,VolumeSectorSize,2
FsVolumeMounted,VolumeType,2
FsVolumeMounted,VolumeUUID,2
FsVolumeMounted,aid,2
FsVolumeMounted,aip,2
FsVolumeMounted,cid,2
FsVolumeMounted,event_platform,2
FsVolumeMounted,event_simpleName,2
FsVolumeMounted,id,2
FsVolumeMounted,name,2
FsVolumeMounted,timestamp,2
FsVolumeUnmounted,ConfigBuild,4
FsVolumeUnmounted,ConfigStateHash,4
FsVolumeUnmounted,ContextProcessId,4
FsVolumeUnmounted,ContextThreadId,4
FsVolumeUnmounted,ContextTimeStamp,4
FsVolumeUnmounted,EffectiveTransmissionClass,4
FsVolumeUnmounted,EndTime,4
FsVolumeUnmounted,Entitlements,4
FsVolumeUnmounted,StartTime,4
FsVolumeUnmounted,VolumeIsNetwork,4
FsVolumeUnmounted,VolumeMediaBSDName,4
FsVolumeUnmounted,VolumeMountPoint,4
FsVolumeUnmounted,VolumeName,4
FsVolumeUnmounted,aid,4
FsVolumeUnmounted,aip,4
FsVolumeUnmounted,cid,4
FsVolumeUnmounted,event_platform,4
FsVolumeUnmounted,event_simpleName,4
FsVolumeUnmounted,id,4
FsVolumeUnmounted,name,4
FsVolumeUnmounted,timestamp,4
GcpComputeInstance,ComputerName,1
GcpComputeInstance,ConfigBuild,1
GcpComputeInstance,ConfigStateHash,1
GcpComputeInstance,EffectiveTransmissionClass,1
GcpComputeInstance,Entitlements,1
GcpComputeInstance,EventOrigin,1
GcpComputeInstance,GcpId,1
GcpComputeInstance,GcpMachineType,1
GcpComputeInstance,GcpName,1
GcpComputeInstance,GcpProjectId,1
GcpComputeInstance,GcpRegion,1
GcpComputeInstance,GcpStatus,1
GcpComputeInstance,GcpZone,1
GcpComputeInstance,aid,1
GcpComputeInstance,aip,1
GcpComputeInstance,cid,1
GcpComputeInstance,event_platform,1
GcpComputeInstance,event_simpleName,1
GcpComputeInstance,id,1
GcpComputeInstance,name,1
GcpComputeInstance,timestamp,1
GcpComputeNetworkInterface,ComputerName,1
GcpComputeNetworkInterface,ConfigBuild,1
GcpComputeNetworkInterface,ConfigStateHash,1
GcpComputeNetworkInterface,EffectiveTransmissionClass,1
GcpComputeNetworkInterface,Entitlements,1
GcpComputeNetworkInterface,EventOrigin,1
GcpComputeNetworkInterface,GcpAccessConfigNatIp,1
GcpComputeNetworkInterface,GcpAttachedInstanceId,1
GcpComputeNetworkInterface,GcpInterfaceName,1
GcpComputeNetworkInterface,GcpNetwork,1
GcpComputeNetworkInterface,GcpNetworkIp,1
GcpComputeNetworkInterface,GcpProjectId,1
GcpComputeNetworkInterface,aid,1
GcpComputeNetworkInterface,aip,1
GcpComputeNetworkInterface,cid,1
GcpComputeNetworkInterface,event_platform,1
GcpComputeNetworkInterface,event_simpleName,1
GcpComputeNetworkInterface,id,1
GcpComputeNetworkInterface,name,1
GcpComputeNetworkInterface,timestamp,1
GcpIamServiceAccount,ComputerName,1
GcpIamServiceAccount,ConfigBuild,1
GcpIamServiceAccount,ConfigStateHash,1
GcpIamServiceAccount,EffectiveTransmissionClass,1
GcpIamServiceAccount,Entitlements,1
GcpIamServiceAccount,EventOrigin,1
GcpIamServiceAccount,GcpDisplayName,1
GcpIamServiceAccount,GcpEmail,1
GcpIamServiceAccount,GcpId,1
GcpIamServiceAccount,GcpName,1
GcpIamServiceAccount,GcpProjectId,1
GcpIamServiceAccount,aid,1
GcpIamServiceAccount,aip,1
GcpIamServiceAccount,cid,1
GcpIamServiceAccount,event_platform,1
GcpIamServiceAccount,event_simpleName,1
GcpIamServiceAccount,id,1
GcpIamServiceAccount,name,1
GcpIamServiceAccount,timestamp,1
GenericFileWritten,AuthenticationId,3
GenericFileWritten,ConfigBuild,3
GenericFileWritten,ConfigStateHash,3
GenericFileWritten,ContextBaseFileName,3
GenericFileWritten,ContextProcessId,3
GenericFileWritten,ContextThreadId,3
GenericFileWritten,ContextTimeStamp,3
GenericFileWritten,DiskParentDeviceInstanceId,3
GenericFileWritten,EffectiveTransmissionClass,3
GenericFileWritten,Entitlements,3
GenericFileWritten,EventOrigin,3
GenericFileWritten,FileEcpBitmask,3
GenericFileWritten,FileIdentifier,3
GenericFileWritten,FileObject,3
GenericFileWritten,IrpFlags,3
GenericFileWritten,IsOnNetwork,3
GenericFileWritten,IsOnRemovableDisk,3
GenericFileWritten,LocalAddressIP4,3
GenericFileWritten,MajorFunction,3
GenericFileWritten,MinorFunction,3
GenericFileWritten,OperationFlags,3
GenericFileWritten,Size,3
GenericFileWritten,TargetFileName,3
GenericFileWritten,TokenType,3
GenericFileWritten,UserName,3
GenericFileWritten,UserPrincipal,3
GenericFileWritten,VolumeSessionUUID,3
GenericFileWritten,aid,3
GenericFileWritten,aip,3
GenericFileWritten,cid,3
GenericFileWritten,event_platform,3
GenericFileWritten,event_simpleName,3
GenericFileWritten,id,3
GenericFileWritten,name,3
GenericFileWritten,timestamp,3
GifFileWritten,Attacks,1
GifFileWritten,Attacks.Tactic,1
GifFileWritten,Attacks.Technique,1
GifFileWritten,ConfigBuild,1
GifFileWritten,ConfigStateHash,1
GifFileWritten,ContextBaseFileName,1
GifFileWritten,ContextProcessId,1
GifFileWritten,ContextTimeStamp,1
GifFileWritten,EffectiveTransmissionClass,1
GifFileWritten,Entitlements,1
GifFileWritten,EventOrigin,1
GifFileWritten,FileCategory,1
GifFileWritten,FileIdentifier,1
GifFileWritten,IsOnRemovableDisk,1
GifFileWritten,LocalAddressIP4,1
GifFileWritten,Size,1
GifFileWritten,TargetFileName,1
GifFileWritten,UserName,1
GifFileWritten,UserPrincipal,1
GifFileWritten,aid,1
GifFileWritten,aip,1
GifFileWritten,cid,1
GifFileWritten,event_platform,1
GifFileWritten,event_simpleName,1
GifFileWritten,id,1
GifFileWritten,name,1
GifFileWritten,timestamp,1
GroupIdentity,AuthenticationId,2
GroupIdentity,AuthenticationUuid,2
GroupIdentity,AuthenticationUuidAsString,2
GroupIdentity,ConfigBuild,2
GroupIdentity,ConfigStateHash,2
GroupIdentity,EffectiveTransmissionClass,2
GroupIdentity,Entitlements,2
GroupIdentity,EventOrigin,2
GroupIdentity,GID,2
GroupIdentity,LocalAddressIP4,2
GroupIdentity,ResendToCloud,2
GroupIdentity,UID,2
GroupIdentity,UserName,2
GroupIdentity,UserPrincipal,2
GroupIdentity,UserSid,2
GroupIdentity,aid,2
GroupIdentity,aip,2
GroupIdentity,cid,2
GroupIdentity,event_platform,2
GroupIdentity,event_simpleName,2
GroupIdentity,id,2
GroupIdentity,name,2
GroupIdentity,timestamp,2
GzipFileWritten,Attacks,2
GzipFileWritten,Attacks.Tactic,2
GzipFileWritten,Attacks.Technique,2
GzipFileWritten,ConfigBuild,2
GzipFileWritten,ConfigStateHash,2
GzipFileWritten,ContextBaseFileName,2
GzipFileWritten,ContextProcessId,2
GzipFileWritten,ContextThreadId,2
GzipFileWritten,ContextTimeStamp,2
GzipFileWritten,EffectiveTransmissionClass,2
GzipFileWritten,Entitlements,2
GzipFileWritten,EventOrigin,2
GzipFileWritten,FileCategory,2
GzipFileWritten,FileIdentifier,2
GzipFileWritten,IsOnRemovableDisk,2
GzipFileWritten,LocalAddressIP4,2
GzipFileWritten,Size,2
GzipFileWritten,TargetFileName,2
GzipFileWritten,UserName,2
GzipFileWritten,UserPrincipal,2
GzipFileWritten,aid,2
GzipFileWritten,aip,2
GzipFileWritten,cid,2
GzipFileWritten,event_platform,2
GzipFileWritten,event_simpleName,2
GzipFileWritten,id,2
GzipFileWritten,name,2
GzipFileWritten,timestamp,2
HookedDriverObject,ComputerName,1
HookedDriverObject,ConfigBuild,1
HookedDriverObject,ConfigStateHash,1
HookedDriverObject,EffectiveTransmissionClass,1
HookedDriverObject,Entitlements,1
HookedDriverObject,EventOrigin,1
HookedDriverObject,HookedDriverImagePath,1
HookedDriverObject,HookedDriverObjectPointer,1
HookedDriverObject,HookedDriverSize,1
HookedDriverObject,HookedDriverStartAddress,1
HookedDriverObject,HookedObjectPointer,1
HookedDriverObject,HookedObjectType,1
HookedDriverObject,HookedPointerType,1
HookedDriverObject,HookingAddress,1
HookedDriverObject,HookingDriverImagePath,1
HookedDriverObject,aid,1
HookedDriverObject,aip,1
HookedDriverObject,cid,1
HookedDriverObject,event_platform,1
HookedDriverObject,event_simpleName,1
HookedDriverObject,id,1
HookedDriverObject,name,1
HookedDriverObject,timestamp,1
HostInfo,BootArgs,1
HostInfo,ConfigBuild,1
HostInfo,ConfigStateHash,1
HostInfo,EffectiveTransmissionClass,1
HostInfo,Entitlements,1
HostInfo,MachineDomain,1
HostInfo,aid,1
HostInfo,aip,1
HostInfo,cid,1
HostInfo,event_platform,1
HostInfo,event_simpleName,1
HostInfo,id,1
HostInfo,name,1
HostInfo,timestamp,1
HostedServiceStarted,AuthenticationId,2
HostedServiceStarted,ConfigBuild,2
HostedServiceStarted,ConfigStateHash,2
HostedServiceStarted,ContextTimeStamp,2
HostedServiceStarted,EffectiveTransmissionClass,2
HostedServiceStarted,Entitlements,2
HostedServiceStarted,EventOrigin,2
HostedServiceStarted,ImageFileName,2
HostedServiceStarted,InterfaceGuid,2
HostedServiceStarted,InterfaceVersion,2
HostedServiceStarted,RpcClientProcessId,2
HostedServiceStarted,RpcClientThreadId,2
HostedServiceStarted,RpcNestingLevel,2
HostedServiceStarted,RpcOpNum,2
HostedServiceStarted,ServiceDisplayName,2
HostedServiceStarted,TargetProcessId,2
HostedServiceStarted,TargetThreadId,2
HostedServiceStarted,TokenType,2
HostedServiceStarted,UserName,2
HostedServiceStarted,aid,2
HostedServiceStarted,aip,2
HostedServiceStarted,cid,2
HostedServiceStarted,event_platform,2
HostedServiceStarted,event_simpleName,2
HostedServiceStarted,id,2
HostedServiceStarted,name,2
HostedServiceStarted,timestamp,2
HostedServiceStopped,ConfigBuild,2
HostedServiceStopped,ConfigStateHash,2
HostedServiceStopped,ContextTimeStamp,2
HostedServiceStopped,EffectiveTransmissionClass,2
HostedServiceStopped,Entitlements,2
HostedServiceStopped,EventOrigin,2
HostedServiceStopped,ServiceDisplayName,2
HostedServiceStopped,TargetProcessId,2
HostedServiceStopped,TargetThreadId,2
HostedServiceStopped,aid,2
HostedServiceStopped,aip,2
HostedServiceStopped,cid,2
HostedServiceStopped,event_platform,2
HostedServiceStopped,event_simpleName,2
HostedServiceStopped,id,2
HostedServiceStopped,name,2
HostedServiceStopped,timestamp,2
HttpRequest,Attacks,1
HttpRequest,Attacks.Tactic,1
HttpRequest,Attacks.Technique,1
HttpRequest,ContextProcessId,1
HttpRequest,ContextTimeStamp,1
HttpRequest,HttpHost,1
HttpRequest,HttpMethod,1
HttpRequest,HttpPath,1
HttpRequest,LocalAddressIP4,1
HttpRequest,RemoteAddressIP4,1
HttpRequest,RemotePort,1
HttpRequest,UserName,1
HttpRequest,UserPrincipal,1
HttpRequest,aid,1
HttpRequest,aip,1
HttpRequest,cid,1
HttpRequest,event_platform,1
HttpRequest,event_simpleName,1
HttpRequest,id,1
HttpRequest,name,1
HttpRequest,timestamp,1
HttpRequestDetect,CommandLine,1
HttpRequestDetect,ConfigBuild,1
HttpRequestDetect,ConfigStateHash,1
HttpRequestDetect,ContextProcessId,1
HttpRequestDetect,ContextTimeStamp,1
HttpRequestDetect,EffectiveTransmissionClass,1
HttpRequestDetect,Entitlements,1
HttpRequestDetect,EventOrigin,1
HttpRequestDetect,HttpInternalSource,1
HttpRequestDetect,HttpMethod,1
HttpRequestDetect,HttpRequestHeader,1
HttpRequestDetect,HttpUrl,1
HttpRequestDetect,ImageFileName,1
HttpRequestDetect,ParentCommandLine,1
HttpRequestDetect,PatternId,1
HttpRequestDetect,TemplateInstanceId,1
HttpRequestDetect,UserName,1
HttpRequestDetect,aid,1
HttpRequestDetect,aip,1
HttpRequestDetect,cid,1
HttpRequestDetect,event_platform,1
HttpRequestDetect,event_simpleName,1
HttpRequestDetect,id,1
HttpRequestDetect,name,1
HttpRequestDetect,timestamp,1
HttpResponse,Attacks,1
HttpResponse,Attacks.Tactic,1
HttpResponse,Attacks.Technique,1
HttpResponse,ContextProcessId,1
HttpResponse,ContextTimeStamp,1
HttpResponse,HttpStatus,1
HttpResponse,HttpStatusText,1
HttpResponse,LocalAddressIP4,1
HttpResponse,RemoteAddressIP4,1
HttpResponse,RemotePort,1
HttpResponse,UserName,1
HttpResponse,UserPrincipal,1
HttpResponse,aid,1
HttpResponse,aip,1
HttpResponse,cid,1
HttpResponse,event_platform,1
HttpResponse,event_simpleName,1
HttpResponse,id,1
HttpResponse,name,1
HttpResponse,timestamp,1
IOServiceRegister,ConfigBuild,1
IOServiceRegister,ConfigStateHash,1
IOServiceRegister,ContextTimeStamp,1
IOServiceRegister,EffectiveTransmissionClass,1
IOServiceRegister,Entitlements,1
IOServiceRegister,IOServiceClass,1
IOServiceRegister,IOServiceName,1
IOServiceRegister,IOServicePath,1
IOServiceRegister,IOServiceProperties,1
IOServiceRegister,aid,1
IOServiceRegister,aip,1
IOServiceRegister,cid,1
IOServiceRegister,event_platform,1
IOServiceRegister,event_simpleName,1
IOServiceRegister,id,1
IOServiceRegister,name,1
IOServiceRegister,timestamp,1
IdpDcPerfReport,ComputerName,1
IdpDcPerfReport,ConfigBuild,1
IdpDcPerfReport,ConfigStateHash,1
IdpDcPerfReport,EffectiveTransmissionClass,1
IdpDcPerfReport,Entitlements,1
IdpDcPerfReport,EventOrigin,1
IdpDcPerfReport,IdpPerfCounterMaximum,1
IdpDcPerfReport,IdpPerfCounterMinimum,1
IdpDcPerfReport,IdpPerfCounterPath,1
IdpDcPerfReport,IdpPerfCounterSum,1
IdpDcPerfReport,IdpPerfSampleCount,1
IdpDcPerfReport,IdpPerfSampleDuration,1
IdpDcPerfReport,LocalAddressIP4,1
IdpDcPerfReport,aid,1
IdpDcPerfReport,aip,1
IdpDcPerfReport,cid,1
IdpDcPerfReport,event_platform,1
IdpDcPerfReport,event_simpleName,1
IdpDcPerfReport,id,1
IdpDcPerfReport,name,1
IdpDcPerfReport,timestamp,1
ImageHash,AuthenticodeHashData,1
ImageHash,ConfigBuild,1
ImageHash,ConfigStateHash,1
ImageHash,ContextProcessId,1
ImageHash,ContextThreadId,1
ImageHash,ContextTimeStamp,1
ImageHash,EffectiveTransmissionClass,1
ImageHash,Entitlements,1
ImageHash,EventOrigin,1
ImageHash,ImageFileName,1
ImageHash,MD5HashData,1
ImageHash,MappedFromUserMode,1
ImageHash,ModuleCharacteristics,1
ImageHash,ModuleSize,1
ImageHash,OriginalEventTimeStamp,1
ImageHash,PrimaryModule,1
ImageHash,SHA1HashData,1
ImageHash,SHA256HashData,1
ImageHash,SignInfoFlags,1
ImageHash,TargetProcessId,1
ImageHash,aid,1
ImageHash,aip,1
ImageHash,cid,1
ImageHash,event_platform,1
ImageHash,event_simpleName,1
ImageHash,id,1
ImageHash,name,1
ImageHash,timestamp,1
InjectedThread,ConfigBuild,1
InjectedThread,ConfigStateHash,1
InjectedThread,ContextProcessId,1
InjectedThread,ContextThreadId,1
InjectedThread,ContextTimeStamp,1
InjectedThread,EffectiveTransmissionClass,1
InjectedThread,Entitlements,1
InjectedThread,EventOrigin,1
InjectedThread,InjectedThreadFlag,1
InjectedThread,RawProcessId,1
InjectedThread,RawThreadId,1
InjectedThread,SourceThreadStartAddress,1
InjectedThread,TargetProcessId,1
InjectedThread,TargetThreadId,1
InjectedThread,TargetThreadModule,1
InjectedThread,ThreadStartAddress,1
InjectedThread,ThreadStartContext,1
InjectedThread,UserThread,1
InjectedThread,aid,1
InjectedThread,aip,1
InjectedThread,cid,1
InjectedThread,event_platform,1
InjectedThread,event_simpleName,1
InjectedThread,id,1
InjectedThread,name,1
InjectedThread,timestamp,1
InstalledBrowserExtension,BatchDataNumber,1
InstalledBrowserExtension,BatchDataTotal,1
InstalledBrowserExtension,BatchTimestamp,1
InstalledBrowserExtension,BrowserExtensionArchitecture,1
InstalledBrowserExtension,BrowserExtensionId,1
InstalledBrowserExtension,BrowserExtensionInstallMethod,1
InstalledBrowserExtension,BrowserExtensionInstalledTimestamp,1
InstalledBrowserExtension,BrowserExtensionName,1
InstalledBrowserExtension,BrowserExtensionPath,1
InstalledBrowserExtension,BrowserExtensionStatusEnabled,1
InstalledBrowserExtension,BrowserExtensionVersion,1
InstalledBrowserExtension,BrowserFileHash,1
InstalledBrowserExtension,BrowserFilePath,1
InstalledBrowserExtension,BrowserName,1
InstalledBrowserExtension,BrowserProfileId,1
InstalledBrowserExtension,BrowserProfileName,1
InstalledBrowserExtension,BrowserVersion,1
InstalledBrowserExtension,ComputerName,1
InstalledBrowserExtension,ConfigBuild,1
InstalledBrowserExtension,ConfigStateHash,1
InstalledBrowserExtension,EffectiveTransmissionClass,1
InstalledBrowserExtension,Entitlements,1
InstalledBrowserExtension,EventOrigin,1
InstalledBrowserExtension,UpdateFlag,1
InstalledBrowserExtension,UserName,1
InstalledBrowserExtension,UserSid,1
InstalledBrowserExtension,aid,1
InstalledBrowserExtension,event_platform,1
InstalledBrowserExtension,event_simpleName,1
InstalledBrowserExtension,id,1
InstalledBrowserExtension,name,1
InstalledBrowserExtension,timestamp,1
JarFileWritten,AuthenticationId,1
JarFileWritten,ConfigBuild,1
JarFileWritten,ConfigStateHash,1
JarFileWritten,ContextBaseFileName,1
JarFileWritten,ContextProcessId,1
JarFileWritten,ContextThreadId,1
JarFileWritten,ContextTimeStamp,1
JarFileWritten,DiskParentDeviceInstanceId,1
JarFileWritten,EffectiveTransmissionClass,1
JarFileWritten,Entitlements,1
JarFileWritten,EventOrigin,1
JarFileWritten,FileCategory,1
JarFileWritten,FileEcpBitmask,1
JarFileWritten,FileIdentifier,1
JarFileWritten,FileObject,1
JarFileWritten,FileOperatorSid,1
JarFileWritten,FileWrittenFlags,1
JarFileWritten,IrpFlags,1
JarFileWritten,IsOnNetwork,1
JarFileWritten,IsOnRemovableDisk,1
JarFileWritten,MajorFunction,1
JarFileWritten,MinorFunction,1
JarFileWritten,OperationFlags,1
JarFileWritten,SHA256HashData,1
JarFileWritten,Size,1
JarFileWritten,TargetFileName,1
JarFileWritten,TokenType,1
JarFileWritten,aid,1
JarFileWritten,aip,1
JarFileWritten,cid,1
JarFileWritten,event_platform,1
JarFileWritten,event_simpleName,1
JarFileWritten,id,1
JarFileWritten,name,1
JarFileWritten,timestamp,1
JavaClassFileWritten,AuthenticationId,2
JavaClassFileWritten,ConfigBuild,2
JavaClassFileWritten,ConfigStateHash,2
JavaClassFileWritten,ContextBaseFileName,2
JavaClassFileWritten,ContextProcessId,2
JavaClassFileWritten,ContextThreadId,2
JavaClassFileWritten,ContextTimeStamp,2
JavaClassFileWritten,DiskParentDeviceInstanceId,2
JavaClassFileWritten,EffectiveTransmissionClass,2
JavaClassFileWritten,Entitlements,2
JavaClassFileWritten,EventOrigin,2
JavaClassFileWritten,FileCategory,2
JavaClassFileWritten,FileEcpBitmask,2
JavaClassFileWritten,FileIdentifier,2
JavaClassFileWritten,FileObject,2
JavaClassFileWritten,FileOperatorSid,2
JavaClassFileWritten,FileWrittenFlags,2
JavaClassFileWritten,IrpFlags,2
JavaClassFileWritten,IsOnNetwork,2
JavaClassFileWritten,IsOnRemovableDisk,2
JavaClassFileWritten,MajorFunction,2
JavaClassFileWritten,MinorFunction,2
JavaClassFileWritten,OperationFlags,2
JavaClassFileWritten,Size,2
JavaClassFileWritten,TargetFileName,2
JavaClassFileWritten,TokenType,2
JavaClassFileWritten,aid,2
JavaClassFileWritten,aip,2
JavaClassFileWritten,cid,2
JavaClassFileWritten,event_platform,2
JavaClassFileWritten,event_simpleName,2
JavaClassFileWritten,id,2
JavaClassFileWritten,name,2
JavaClassFileWritten,timestamp,2
JavaInjectedThread,ConfigBuild,1
JavaInjectedThread,ConfigStateHash,1
JavaInjectedThread,ContextProcessId,1
JavaInjectedThread,ContextThreadId,1
JavaInjectedThread,ContextTimeStamp,1
JavaInjectedThread,EffectiveTransmissionClass,1
JavaInjectedThread,Entitlements,1
JavaInjectedThread,EventOrigin,1
JavaInjectedThread,InjectedThreadFlag,1
JavaInjectedThread,RawProcessId,1
JavaInjectedThread,RawThreadId,1
JavaInjectedThread,SourceThreadStartAddress,1
JavaInjectedThread,TargetProcessId,1
JavaInjectedThread,TargetThreadId,1
JavaInjectedThread,ThreadStartAddress,1
JavaInjectedThread,ThreadStartBytes,1
JavaInjectedThread,ThreadStartContext,1
JavaInjectedThread,UserThread,1
JavaInjectedThread,aid,1
JavaInjectedThread,aip,1
JavaInjectedThread,cid,1
JavaInjectedThread,event_platform,1
JavaInjectedThread,event_simpleName,1
JavaInjectedThread,id,1
JavaInjectedThread,name,1
JavaInjectedThread,timestamp,1
JpegFileWritten,Attacks,1
JpegFileWritten,Attacks.Tactic,1
JpegFileWritten,Attacks.Technique,1
JpegFileWritten,ConfigBuild,1
JpegFileWritten,ConfigStateHash,1
JpegFileWritten,ContextBaseFileName,1
JpegFileWritten,ContextProcessId,1
JpegFileWritten,ContextTimeStamp,1
JpegFileWritten,EffectiveTransmissionClass,1
JpegFileWritten,Entitlements,1
JpegFileWritten,EventOrigin,1
JpegFileWritten,FileCategory,1
JpegFileWritten,FileIdentifier,1
JpegFileWritten,IsOnRemovableDisk,1
JpegFileWritten,LocalAddressIP4,1
JpegFileWritten,Size,1
JpegFileWritten,TargetFileName,1
JpegFileWritten,UserName,1
JpegFileWritten,UserPrincipal,1
JpegFileWritten,aid,1
JpegFileWritten,aip,1
JpegFileWritten,cid,1
JpegFileWritten,event_platform,1
JpegFileWritten,event_simpleName,1
JpegFileWritten,id,1
JpegFileWritten,name,1
JpegFileWritten,timestamp,1
KernelServiceStarted,ComputerName,1
KernelServiceStarted,ConfigBuild,1
KernelServiceStarted,ConfigStateHash,1
KernelServiceStarted,ContextProcessId,1
KernelServiceStarted,ContextThreadId,1
KernelServiceStarted,ContextTimeStamp,1
KernelServiceStarted,EffectiveTransmissionClass,1
KernelServiceStarted,Entitlements,1
KernelServiceStarted,EventOrigin,1
KernelServiceStarted,ImageBaseName,1
KernelServiceStarted,ImageFileName,1
KernelServiceStarted,RpcClientProcessId,1
KernelServiceStarted,RpcClientThreadId,1
KernelServiceStarted,ServiceDisplayName,1
KernelServiceStarted,aid,1
KernelServiceStarted,event_platform,1
KernelServiceStarted,event_simpleName,1
KernelServiceStarted,id,1
KernelServiceStarted,name,1
KernelServiceStarted,timestamp,1
KextLoad,BundleID,2
KextLoad,ConfigBuild,2
KextLoad,ConfigStateHash,2
KextLoad,ContextProcessId,2
KextLoad,ContextThreadId,2
KextLoad,ContextTimeStamp,2
KextLoad,EffectiveTransmissionClass,2
KextLoad,Entitlements,2
KextLoad,EventOrigin,2
KextLoad,aid,2
KextLoad,aip,2
KextLoad,cid,2
KextLoad,event_platform,2
KextLoad,event_simpleName,2
KextLoad,id,2
KextLoad,name,2
KextLoad,timestamp,2
LFODownloadConfirmation,CompletionEventId,3
LFODownloadConfirmation,ConfigBuild,3
LFODownloadConfirmation,ConfigStateHash,3
LFODownloadConfirmation,DownloadPath,3
LFODownloadConfirmation,DownloadPort,3
LFODownloadConfirmation,DownloadServer,3
LFODownloadConfirmation,EffectiveTransmissionClass,3
LFODownloadConfirmation,Entitlements,3
LFODownloadConfirmation,TargetFileName,3
LFODownloadConfirmation,aid,3
LFODownloadConfirmation,aip,3
LFODownloadConfirmation,cid,3
LFODownloadConfirmation,event_platform,3
LFODownloadConfirmation,event_simpleName,3
LFODownloadConfirmation,id,3
LFODownloadConfirmation,name,3
LFODownloadConfirmation,timestamp,3
LZipFileWritten,Attacks,1
LZipFileWritten,Attacks.Tactic,1
LZipFileWritten,Attacks.Technique,1
LZipFileWritten,ConfigBuild,1
LZipFileWritten,ConfigStateHash,1
LZipFileWritten,ContextProcessId,1
LZipFileWritten,ContextTimeStamp,1
LZipFileWritten,EffectiveTransmissionClass,1
LZipFileWritten,Entitlements,1
LZipFileWritten,EventOrigin,1
LZipFileWritten,FileCategory,1
LZipFileWritten,FileIdentifier,1
LZipFileWritten,IsOnRemovableDisk,1
LZipFileWritten,LocalAddressIP4,1
LZipFileWritten,Size,1
LZipFileWritten,TargetFileName,1
LZipFileWritten,UserName,1
LZipFileWritten,UserPrincipal,1
LZipFileWritten,aid,1
LZipFileWritten,aip,1
LZipFileWritten,cid,1
LZipFileWritten,event_platform,1
LZipFileWritten,event_simpleName,1
LZipFileWritten,id,1
LZipFileWritten,name,1
LZipFileWritten,timestamp,1
LfoUploadDataComplete,AttemptNumber,1
LfoUploadDataComplete,ConfigBuild,1
LfoUploadDataComplete,ConfigStateHash,1
LfoUploadDataComplete,EffectiveTransmissionClass,1
LfoUploadDataComplete,Entitlements,1
LfoUploadDataComplete,LfoUploadFlags,1
LfoUploadDataComplete,SHA256HashData,1
LfoUploadDataComplete,Size,1
LfoUploadDataComplete,SourceFileName,1
LfoUploadDataComplete,Tags,1
LfoUploadDataComplete,UploadId,1
LfoUploadDataComplete,aid,1
LfoUploadDataComplete,aip,1
LfoUploadDataComplete,cid,1
LfoUploadDataComplete,event_platform,1
LfoUploadDataComplete,event_simpleName,1
LfoUploadDataComplete,id,1
LfoUploadDataComplete,name,1
LfoUploadDataComplete,timestamp,1
LfoUploadStart,AttemptNumber,1
LfoUploadStart,ConfigBuild,1
LfoUploadStart,ConfigStateHash,1
LfoUploadStart,EffectiveTransmissionClass,1
LfoUploadStart,Entitlements,1
LfoUploadStart,EventOrigin,1
LfoUploadStart,LfoUploadFlags,1
LfoUploadStart,LocalAddressIP4,1
LfoUploadStart,SHA256HashData,1
LfoUploadStart,Size,1
LfoUploadStart,Tags,1
LfoUploadStart,TargetFileName,1
LfoUploadStart,UploadId,1
LfoUploadStart,UserName,1
LfoUploadStart,UserPrincipal,1
LfoUploadStart,aid,1
LfoUploadStart,aip,1
LfoUploadStart,cid,1
LfoUploadStart,event_platform,1
LfoUploadStart,event_simpleName,1
LfoUploadStart,id,1
LfoUploadStart,name,1
LfoUploadStart,timestamp,1
LightningLatencyInfo,ConfigBuild,1
LightningLatencyInfo,ConfigStateHash,1
LightningLatencyInfo,EffectiveTransmissionClass,1
LightningLatencyInfo,Entitlements,1
LightningLatencyInfo,LightningLatencyState,1
LightningLatencyInfo,aid,1
LightningLatencyInfo,aip,1
LightningLatencyInfo,cid,1
LightningLatencyInfo,event_platform,1
LightningLatencyInfo,event_simpleName,1
LightningLatencyInfo,id,1
LightningLatencyInfo,name,1
LightningLatencyInfo,timestamp,1
LightningUnresponsiveStatus,ConfigBuild,1
LightningUnresponsiveStatus,ConfigStateHash,1
LightningUnresponsiveStatus,EffectiveTransmissionClass,1
LightningUnresponsiveStatus,Entitlements,1
LightningUnresponsiveStatus,EventOrigin,1
LightningUnresponsiveStatus,LightningResponseStatus,1
LightningUnresponsiveStatus,LocalAddressIP4,1
LightningUnresponsiveStatus,UserName,1
LightningUnresponsiveStatus,UserPrincipal,1
LightningUnresponsiveStatus,aid,1
LightningUnresponsiveStatus,aip,1
LightningUnresponsiveStatus,cid,1
LightningUnresponsiveStatus,event_platform,1
LightningUnresponsiveStatus,event_simpleName,1
LightningUnresponsiveStatus,id,1
LightningUnresponsiveStatus,name,1
LightningUnresponsiveStatus,timestamp,1
LocalIpAddressIP4,ConfigBuild,3
LocalIpAddressIP4,ConfigStateHash,3
LocalIpAddressIP4,CreationTimeStamp,3
LocalIpAddressIP4,EffectiveTransmissionClass,3
LocalIpAddressIP4,Entitlements,3
LocalIpAddressIP4,EventOrigin,3
LocalIpAddressIP4,InDiscards,3
LocalIpAddressIP4,InErrors,3
LocalIpAddressIP4,InMulticastPkts,3
LocalIpAddressIP4,InOctets,3
LocalIpAddressIP4,InUcastPkts,3
LocalIpAddressIP4,InUnknownProtos,3
LocalIpAddressIP4,InterfaceAlias,3
LocalIpAddressIP4,InterfaceIndex,3
LocalIpAddressIP4,InterfaceType,3
LocalIpAddressIP4,LocalAddressIP4,3
LocalIpAddressIP4,LocalIpAddressPipelineSource,3
LocalIpAddressIP4,NetLuidIndex,3
LocalIpAddressIP4,OutErrors,3
LocalIpAddressIP4,OutMulticastPkts,3
LocalIpAddressIP4,OutOctets,3
LocalIpAddressIP4,OutUcastPkts,3
LocalIpAddressIP4,PhysicalAddress,3
LocalIpAddressIP4,PhysicalAddressLength,3
LocalIpAddressIP4,PrefixLength,3
LocalIpAddressIP4,aid,3
LocalIpAddressIP4,aip,3
LocalIpAddressIP4,cid,3
LocalIpAddressIP4,event_platform,3
LocalIpAddressIP4,event_simpleName,3
LocalIpAddressIP4,id,3
LocalIpAddressIP4,name,3
LocalIpAddressIP4,timestamp,3
LocalIpAddressIP6,AccessType,3
LocalIpAddressIP6,AddressFamily,3
LocalIpAddressIP6,AdminStatus,3
LocalIpAddressIP6,BaseReachableTime,3
LocalIpAddressIP6,ConfigBuild,3
LocalIpAddressIP6,ConfigStateHash,3
LocalIpAddressIP6,ConnectionType,3
LocalIpAddressIP6,CreationTimeStamp,3
LocalIpAddressIP6,DadState,3
LocalIpAddressIP6,DadTransmits,3
LocalIpAddressIP6,DirectionType,3
LocalIpAddressIP6,EffectiveTransmissionClass,3
LocalIpAddressIP6,Entitlements,3
LocalIpAddressIP6,EventOrigin,3
LocalIpAddressIP6,IfType,3
LocalIpAddressIP6,InBroadcastOctets,3
LocalIpAddressIP6,InDiscards,3
LocalIpAddressIP6,InErrors,3
LocalIpAddressIP6,InMulticastOctets,3
LocalIpAddressIP6,InMulticastPkts,3
LocalIpAddressIP6,InNUcastPkts,3
LocalIpAddressIP6,InOctets,3
LocalIpAddressIP6,InUcastOctets,3
LocalIpAddressIP6,InUcastPkts,3
LocalIpAddressIP6,InUnknownProtos,3
LocalIpAddressIP6,InterfaceAlias,3
LocalIpAddressIP6,InterfaceDescription,3
LocalIpAddressIP6,InterfaceFlags,3
LocalIpAddressIP6,InterfaceIdentifier,3
LocalIpAddressIP6,InterfaceIndex,3
LocalIpAddressIP6,InterfaceMtu,3
LocalIpAddressIP6,InterfaceType,3
LocalIpAddressIP6,IpEntryFlags,3
LocalIpAddressIP6,LinkLocalAddressBehavior,3
LocalIpAddressIP6,LinkLocalAddressTimeout,3
LocalIpAddressIP6,LocalAddressIP6,3
LocalIpAddressIP6,LocalIpAddressPipelineSource,3
LocalIpAddressIP6,MaxReassemblySize,3
LocalIpAddressIP6,MaxRouterAdvertisementInterval,3
LocalIpAddressIP6,MediaConnectState,3
LocalIpAddressIP6,MediaType,3
LocalIpAddressIP6,Metric,3
LocalIpAddressIP6,MinRouterAdvertisementInterval,3
LocalIpAddressIP6,NetLuidIndex,3
LocalIpAddressIP6,NetworkGuid,3
LocalIpAddressIP6,NetworkInterfaceGuid,3
LocalIpAddressIP6,NlMtu,3
LocalIpAddressIP6,OnLinkPrefixLength,3
LocalIpAddressIP6,OperStatus,3
LocalIpAddressIP6,OutBroadcastOctets,3
LocalIpAddressIP6,OutDiscards,3
LocalIpAddressIP6,OutErrors,3
LocalIpAddressIP6,OutMulticastOctets,3
LocalIpAddressIP6,OutMulticastPkts,3
LocalIpAddressIP6,OutNUcastPkts,3
LocalIpAddressIP6,OutOctets,3
LocalIpAddressIP6,OutUcastOctets,3
LocalIpAddressIP6,OutUcastPkts,3
LocalIpAddressIP6,PathMtuDiscoveryTimeout,3
LocalIpAddressIP6,PermanentPhysicalAddress,3
LocalIpAddressIP6,PhysicalAddress,3
LocalIpAddressIP6,PhysicalAddressLength,3
LocalIpAddressIP6,PhysicalMediumType,3
LocalIpAddressIP6,PreferredLifetime,3
LocalIpAddressIP6,PrefixLength,3
LocalIpAddressIP6,PrefixOrigin,3
LocalIpAddressIP6,ReachableTime,3
LocalIpAddressIP6,ReceiveLinkSpeed,3
LocalIpAddressIP6,RetransmitTime,3
LocalIpAddressIP6,RouteAge,3
LocalIpAddressIP6,RouteMetric,3
LocalIpAddressIP6,RouteOrigin,3
LocalIpAddressIP6,RouterDiscoveryBehavior,3
LocalIpAddressIP6,ScopeLevel,3
LocalIpAddressIP6,ScopeZone,3
LocalIpAddressIP6,SitePrefixLength,3
LocalIpAddressIP6,SkipAsSource,3
LocalIpAddressIP6,SuffixOrigin,3
LocalIpAddressIP6,TransmitLinkSpeed,3
LocalIpAddressIP6,TunnelType,3
LocalIpAddressIP6,ValidLifetime,3
LocalIpAddressIP6,aid,3
LocalIpAddressIP6,aip,3
LocalIpAddressIP6,cid,3
LocalIpAddressIP6,event_platform,3
LocalIpAddressIP6,event_simpleName,3
LocalIpAddressIP6,id,3
LocalIpAddressIP6,name,3
LocalIpAddressIP6,timestamp,3
LocalIpAddressRemovedIP4,ConfigBuild,2
LocalIpAddressRemovedIP4,ConfigStateHash,2
LocalIpAddressRemovedIP4,EffectiveTransmissionClass,2
LocalIpAddressRemovedIP4,Entitlements,2
LocalIpAddressRemovedIP4,EventOrigin,2
LocalIpAddressRemovedIP4,InterfaceIndex,2
LocalIpAddressRemovedIP4,LocalAddressIP4,2
LocalIpAddressRemovedIP4,LocalIpAddressPipelineSource,2
LocalIpAddressRemovedIP4,NetLuidIndex,2
LocalIpAddressRemovedIP4,aid,2
LocalIpAddressRemovedIP4,aip,2
LocalIpAddressRemovedIP4,cid,2
LocalIpAddressRemovedIP4,event_platform,2
LocalIpAddressRemovedIP4,event_simpleName,2
LocalIpAddressRemovedIP4,id,2
LocalIpAddressRemovedIP4,name,2
LocalIpAddressRemovedIP4,timestamp,2
LocalIpAddressRemovedIP6,ConfigBuild,3
LocalIpAddressRemovedIP6,ConfigStateHash,3
LocalIpAddressRemovedIP6,EffectiveTransmissionClass,3
LocalIpAddressRemovedIP6,Entitlements,3
LocalIpAddressRemovedIP6,EventOrigin,3
LocalIpAddressRemovedIP6,InterfaceIndex,3
LocalIpAddressRemovedIP6,LocalAddressIP6,3
LocalIpAddressRemovedIP6,LocalIpAddressPipelineSource,3
LocalIpAddressRemovedIP6,NetLuidIndex,3
LocalIpAddressRemovedIP6,aid,3
LocalIpAddressRemovedIP6,aip,3
LocalIpAddressRemovedIP6,cid,3
LocalIpAddressRemovedIP6,event_platform,3
LocalIpAddressRemovedIP6,event_simpleName,3
LocalIpAddressRemovedIP6,id,3
LocalIpAddressRemovedIP6,name,3
LocalIpAddressRemovedIP6,timestamp,3
LocalWindowsUserUpdate,ConfigBuild,1
LocalWindowsUserUpdate,ConfigStateHash,1
LocalWindowsUserUpdate,EffectiveTransmissionClass,1
LocalWindowsUserUpdate,Entitlements,1
LocalWindowsUserUpdate,EventOrigin,1
LocalWindowsUserUpdate,LocalAddressIP4,1
LocalWindowsUserUpdate,aid,1
LocalWindowsUserUpdate,aip,1
LocalWindowsUserUpdate,cid,1
LocalWindowsUserUpdate,event_platform,1
LocalWindowsUserUpdate,event_simpleName,1
LocalWindowsUserUpdate,id,1
LocalWindowsUserUpdate,name,1
LocalWindowsUserUpdate,timestamp,1
LoginItemAdded,ConfigBuild,1
LoginItemAdded,ConfigStateHash,1
LoginItemAdded,ContextProcessId,1
LoginItemAdded,ContextTimeStamp,1
LoginItemAdded,EffectiveTransmissionClass,1
LoginItemAdded,Entitlements,1
LoginItemAdded,EventOrigin,1
LoginItemAdded,LaunchItemType,1
LoginItemAdded,LaunchItemUrl,1
LoginItemAdded,LocalAddressIP4,1
LoginItemAdded,ResponsiblePid,1
LoginItemAdded,UID,1
LoginItemAdded,UserName,1
LoginItemAdded,aid,1
LoginItemAdded,aip,1
LoginItemAdded,cid,1
LoginItemAdded,event_platform,1
LoginItemAdded,event_simpleName,1
LoginItemAdded,id,1
LoginItemAdded,name,1
LoginItemAdded,timestamp,1
LogonBehaviorCompositionDetectInfo,AuthenticationId,1
LogonBehaviorCompositionDetectInfo,CommandLine,1
LogonBehaviorCompositionDetectInfo,ComputerName,1
LogonBehaviorCompositionDetectInfo,ConfigBuild,1
LogonBehaviorCompositionDetectInfo,ConfigStateHash,1
LogonBehaviorCompositionDetectInfo,ContextProcessId,1
LogonBehaviorCompositionDetectInfo,EffectiveTransmissionClass,1
LogonBehaviorCompositionDetectInfo,Entitlements,1
LogonBehaviorCompositionDetectInfo,EventOrigin,1
LogonBehaviorCompositionDetectInfo,ImageFileName,1
LogonBehaviorCompositionDetectInfo,LocalAddressIP4,1
LogonBehaviorCompositionDetectInfo,LogonDomain,1
LogonBehaviorCompositionDetectInfo,LogonType,1
LogonBehaviorCompositionDetectInfo,PatternId,1
LogonBehaviorCompositionDetectInfo,PatternIdList,1
LogonBehaviorCompositionDetectInfo,RemoteAccount,1
LogonBehaviorCompositionDetectInfo,RemoteAddressIP4,1
LogonBehaviorCompositionDetectInfo,TemplateDisposition,1
LogonBehaviorCompositionDetectInfo,TemplateInstanceId,1
LogonBehaviorCompositionDetectInfo,aid,1
LogonBehaviorCompositionDetectInfo,aip,1
LogonBehaviorCompositionDetectInfo,cid,1
LogonBehaviorCompositionDetectInfo,event_platform,1
LogonBehaviorCompositionDetectInfo,event_simpleName,1
LogonBehaviorCompositionDetectInfo,id,1
LogonBehaviorCompositionDetectInfo,name,1
LogonBehaviorCompositionDetectInfo,timestamp,1
LsassHandleFromUnsignedModule,Certificate,1
LsassHandleFromUnsignedModule,ConfigBuild,1
LsassHandleFromUnsignedModule,ConfigStateHash,1
LsassHandleFromUnsignedModule,ContextProcessId,1
LsassHandleFromUnsignedModule,ContextThreadId,1
LsassHandleFromUnsignedModule,ContextTimeStamp,1
LsassHandleFromUnsignedModule,DesiredAccess,1
LsassHandleFromUnsignedModule,EffectiveTransmissionClass,1
LsassHandleFromUnsignedModule,Entitlements,1
LsassHandleFromUnsignedModule,EventOrigin,1
LsassHandleFromUnsignedModule,ExtendedKeyUsages,1
LsassHandleFromUnsignedModule,FileSigningTime,1
LsassHandleFromUnsignedModule,HandleCreated,1
LsassHandleFromUnsignedModule,ImageFileName,1
LsassHandleFromUnsignedModule,Object1Name,1
LsassHandleFromUnsignedModule,Object1Type,1
LsassHandleFromUnsignedModule,PublicKeys,1
LsassHandleFromUnsignedModule,SHA256HashData,1
LsassHandleFromUnsignedModule,SignInfoFlags,1
LsassHandleFromUnsignedModule,Status,1
LsassHandleFromUnsignedModule,TargetProcessId,1
LsassHandleFromUnsignedModule,aid,1
LsassHandleFromUnsignedModule,aip,1
LsassHandleFromUnsignedModule,cid,1
LsassHandleFromUnsignedModule,event_platform,1
LsassHandleFromUnsignedModule,event_simpleName,1
LsassHandleFromUnsignedModule,id,1
LsassHandleFromUnsignedModule,name,1
LsassHandleFromUnsignedModule,timestamp,1
LzfseFileWritten,Attacks,1
LzfseFileWritten,Attacks.Tactic,1
LzfseFileWritten,Attacks.Technique,1
LzfseFileWritten,ConfigBuild,1
LzfseFileWritten,ConfigStateHash,1
LzfseFileWritten,ContextProcessId,1
LzfseFileWritten,ContextTimeStamp,1
LzfseFileWritten,EffectiveTransmissionClass,1
LzfseFileWritten,Entitlements,1
LzfseFileWritten,EventOrigin,1
LzfseFileWritten,FileCategory,1
LzfseFileWritten,FileIdentifier,1
LzfseFileWritten,IsOnRemovableDisk,1
LzfseFileWritten,LocalAddressIP4,1
LzfseFileWritten,Size,1
LzfseFileWritten,TargetFileName,1
LzfseFileWritten,UserName,1
LzfseFileWritten,UserPrincipal,1
LzfseFileWritten,aid,1
LzfseFileWritten,aip,1
LzfseFileWritten,cid,1
LzfseFileWritten,event_platform,1
LzfseFileWritten,event_simpleName,1
LzfseFileWritten,id,1
LzfseFileWritten,name,1
LzfseFileWritten,timestamp,1
LzmaFileWritten,Attacks,1
LzmaFileWritten,Attacks.Tactic,1
LzmaFileWritten,Attacks.Technique,1
LzmaFileWritten,ConfigBuild,1
LzmaFileWritten,ConfigStateHash,1
LzmaFileWritten,ContextProcessId,1
LzmaFileWritten,ContextTimeStamp,1
LzmaFileWritten,EffectiveTransmissionClass,1
LzmaFileWritten,Entitlements,1
LzmaFileWritten,EventOrigin,1
LzmaFileWritten,FileCategory,1
LzmaFileWritten,FileIdentifier,1
LzmaFileWritten,IsOnRemovableDisk,1
LzmaFileWritten,LocalAddressIP4,1
LzmaFileWritten,Size,1
LzmaFileWritten,TargetFileName,1
LzmaFileWritten,UserName,1
LzmaFileWritten,UserPrincipal,1
LzmaFileWritten,aid,1
LzmaFileWritten,aip,1
LzmaFileWritten,cid,1
LzmaFileWritten,event_platform,1
LzmaFileWritten,event_simpleName,1
LzmaFileWritten,id,1
LzmaFileWritten,name,1
LzmaFileWritten,timestamp,1
MSDocxFileWritten,Attacks,1
MSDocxFileWritten,Attacks.Tactic,1
MSDocxFileWritten,Attacks.Technique,1
MSDocxFileWritten,ConfigBuild,1
MSDocxFileWritten,ConfigStateHash,1
MSDocxFileWritten,ContextBaseFileName,1
MSDocxFileWritten,ContextProcessId,1
MSDocxFileWritten,ContextTimeStamp,1
MSDocxFileWritten,EffectiveTransmissionClass,1
MSDocxFileWritten,Entitlements,1
MSDocxFileWritten,EventOrigin,1
MSDocxFileWritten,FileCategory,1
MSDocxFileWritten,FileIdentifier,1
MSDocxFileWritten,IsOnRemovableDisk,1
MSDocxFileWritten,LocalAddressIP4,1
MSDocxFileWritten,MSOfficeSubType,1
MSDocxFileWritten,Size,1
MSDocxFileWritten,TargetFileName,1
MSDocxFileWritten,UserName,1
MSDocxFileWritten,UserPrincipal,1
MSDocxFileWritten,aid,1
MSDocxFileWritten,aip,1
MSDocxFileWritten,cid,1
MSDocxFileWritten,event_platform,1
MSDocxFileWritten,event_simpleName,1
MSDocxFileWritten,id,1
MSDocxFileWritten,name,1
MSDocxFileWritten,timestamp,1
MSPptxFileWritten,ConfigBuild,1
MSPptxFileWritten,ConfigStateHash,1
MSPptxFileWritten,ContextBaseFileName,1
MSPptxFileWritten,ContextProcessId,1
MSPptxFileWritten,ContextTimeStamp,1
MSPptxFileWritten,EffectiveTransmissionClass,1
MSPptxFileWritten,Entitlements,1
MSPptxFileWritten,EventOrigin,1
MSPptxFileWritten,FileCategory,1
MSPptxFileWritten,FileIdentifier,1
MSPptxFileWritten,IsOnRemovableDisk,1
MSPptxFileWritten,LocalAddressIP4,1
MSPptxFileWritten,MSOfficeSubType,1
MSPptxFileWritten,Size,1
MSPptxFileWritten,TargetFileName,1
MSPptxFileWritten,UserName,1
MSPptxFileWritten,UserPrincipal,1
MSPptxFileWritten,aid,1
MSPptxFileWritten,aip,1
MSPptxFileWritten,cid,1
MSPptxFileWritten,event_platform,1
MSPptxFileWritten,event_simpleName,1
MSPptxFileWritten,id,1
MSPptxFileWritten,name,1
MSPptxFileWritten,timestamp,1
MSXlsxFileWritten,Attacks,1
MSXlsxFileWritten,Attacks.Tactic,1
MSXlsxFileWritten,Attacks.Technique,1
MSXlsxFileWritten,ConfigBuild,1
MSXlsxFileWritten,ConfigStateHash,1
MSXlsxFileWritten,ContextBaseFileName,1
MSXlsxFileWritten,ContextProcessId,1
MSXlsxFileWritten,ContextTimeStamp,1
MSXlsxFileWritten,EffectiveTransmissionClass,1
MSXlsxFileWritten,Entitlements,1
MSXlsxFileWritten,EventOrigin,1
MSXlsxFileWritten,FileCategory,1
MSXlsxFileWritten,FileIdentifier,1
MSXlsxFileWritten,IsOnRemovableDisk,1
MSXlsxFileWritten,LocalAddressIP4,1
MSXlsxFileWritten,MSOfficeSubType,1
MSXlsxFileWritten,Size,1
MSXlsxFileWritten,TargetFileName,1
MSXlsxFileWritten,UserName,1
MSXlsxFileWritten,UserPrincipal,1
MSXlsxFileWritten,aid,1
MSXlsxFileWritten,aip,1
MSXlsxFileWritten,cid,1
MSXlsxFileWritten,event_platform,1
MSXlsxFileWritten,event_simpleName,1
MSXlsxFileWritten,id,1
MSXlsxFileWritten,name,1
MSXlsxFileWritten,timestamp,1
MachOFileWritten,BoundingLimitCount,2
MachOFileWritten,BoundingLimitDuration,2
MachOFileWritten,ConfigBuild,2
MachOFileWritten,ConfigStateHash,2
MachOFileWritten,ContextBaseFileName,2
MachOFileWritten,ContextProcessId,2
MachOFileWritten,ContextThreadId,2
MachOFileWritten,ContextTimeStamp,2
MachOFileWritten,EffectiveTransmissionClass,2
MachOFileWritten,Entitlements,2
MachOFileWritten,EventOrigin,2
MachOFileWritten,FileCategory,2
MachOFileWritten,FileIdentifier,2
MachOFileWritten,IsOnRemovableDisk,2
MachOFileWritten,MachOSubType,2
MachOFileWritten,SHA256HashData,2
MachOFileWritten,Size,2
MachOFileWritten,TargetFileName,2
MachOFileWritten,UserName,2
MachOFileWritten,aid,2
MachOFileWritten,aip,2
MachOFileWritten,cid,2
MachOFileWritten,event_platform,2
MachOFileWritten,event_simpleName,2
MachOFileWritten,id,2
MachOFileWritten,name,2
MachOFileWritten,timestamp,2
MachOHeaderParsed,Attacks,1
MachOHeaderParsed,Attacks.Tactic,1
MachOHeaderParsed,Attacks.Technique,1
MachOHeaderParsed,BoundingLimitCount,1
MachOHeaderParsed,BoundingLimitDuration,1
MachOHeaderParsed,ConfigBuild,1
MachOHeaderParsed,ConfigStateHash,1
MachOHeaderParsed,ContextBaseFileName,1
MachOHeaderParsed,ContextProcessId,1
MachOHeaderParsed,ContextTimeStamp,1
MachOHeaderParsed,DylibPath,1
MachOHeaderParsed,EffectiveTransmissionClass,1
MachOHeaderParsed,Entitlements,1
MachOHeaderParsed,EventOrigin,1
MachOHeaderParsed,LocalAddressIP4,1
MachOHeaderParsed,PrimaryModule,1
MachOHeaderParsed,SHA256HashData,1
MachOHeaderParsed,TargetFileName,1
MachOHeaderParsed,UserName,1
MachOHeaderParsed,UserPrincipal,1
MachOHeaderParsed,aid,1
MachOHeaderParsed,aip,1
MachOHeaderParsed,cid,1
MachOHeaderParsed,event_platform,1
MachOHeaderParsed,event_simpleName,1
MachOHeaderParsed,id,1
MachOHeaderParsed,name,1
MachOHeaderParsed,timestamp,1
ModifyServiceBinary,ConfigBuild,1
ModifyServiceBinary,ConfigStateHash,1
ModifyServiceBinary,ContextProcessId,1
ModifyServiceBinary,ContextThreadId,1
ModifyServiceBinary,ContextTimeStamp,1
ModifyServiceBinary,EffectiveTransmissionClass,1
ModifyServiceBinary,Entitlements,1
ModifyServiceBinary,EventOrigin,1
ModifyServiceBinary,ServiceDescription,1
ModifyServiceBinary,ServiceDisplayName,1
ModifyServiceBinary,ServiceErrorControl,1
ModifyServiceBinary,ServiceFailureActions,1
ModifyServiceBinary,ServiceImagePath,1
ModifyServiceBinary,ServiceSecurity,1
ModifyServiceBinary,ServiceStart,1
ModifyServiceBinary,ServiceType,1
ModifyServiceBinary,aid,1
ModifyServiceBinary,aip,1
ModifyServiceBinary,cid,1
ModifyServiceBinary,event_platform,1
ModifyServiceBinary,event_simpleName,1
ModifyServiceBinary,id,1
ModifyServiceBinary,name,1
ModifyServiceBinary,timestamp,1
ModuleCertificateInfo2,AuthenticodeHashDataSHA1,1
ModuleCertificateInfo2,AuthenticodeHashDataSHA256,1
ModuleCertificateInfo2,AuthenticodeSignatureFlags,1
ModuleCertificateInfo2,ConfigBuild,1
ModuleCertificateInfo2,ConfigStateHash,1
ModuleCertificateInfo2,EffectiveTransmissionClass,1
ModuleCertificateInfo2,Entitlements,1
ModuleCertificateInfo2,EventOrigin,1
ModuleCertificateInfo2,IsTrustedOnLocalMachine,1
ModuleCertificateInfo2,LocalAddressIP4,1
ModuleCertificateInfo2,SHA256HashData,1
ModuleCertificateInfo2,aid,1
ModuleCertificateInfo2,aip,1
ModuleCertificateInfo2,cid,1
ModuleCertificateInfo2,event_platform,1
ModuleCertificateInfo2,event_simpleName,1
ModuleCertificateInfo2,id,1
ModuleCertificateInfo2,name,1
ModuleCertificateInfo2,timestamp,1
MotwWritten,ConfigBuild,1
MotwWritten,ConfigStateHash,1
MotwWritten,ContextProcessId,1
MotwWritten,EffectiveTransmissionClass,1
MotwWritten,Entitlements,1
MotwWritten,EventOrigin,1
MotwWritten,FileIdentifier,1
MotwWritten,HostUrl,1
MotwWritten,ReferrerUrl,1
MotwWritten,TargetFileName,1
MotwWritten,aid,1
MotwWritten,aip,1
MotwWritten,cid,1
MotwWritten,event_platform,1
MotwWritten,event_simpleName,1
MotwWritten,id,1
MotwWritten,name,1
MotwWritten,timestamp,1
MountedVolume,BatchDataNumber,1
MountedVolume,BatchDataTotal,1
MountedVolume,BatchTimestamp,1
MountedVolume,ComputerName,1
MountedVolume,ConfigBuild,1
MountedVolume,ConfigStateHash,1
MountedVolume,DiskParentDeviceInstanceId,1
MountedVolume,EffectiveTransmissionClass,1
MountedVolume,Entitlements,1
MountedVolume,EventOrigin,1
MountedVolume,MountedVolumeAction,1
MountedVolume,VirtualDriveFileName,1
MountedVolume,VolumeDeviceCharacteristics,1
MountedVolume,VolumeDeviceObjectFlags,1
MountedVolume,VolumeDeviceType,1
MountedVolume,VolumeDriveLetter,1
MountedVolume,VolumeEncryptionStatus,1
MountedVolume,VolumeFileSystemDevice,1
MountedVolume,VolumeFileSystemDriver,1
MountedVolume,VolumeFileSystemType,1
MountedVolume,VolumeIsEncrypted,1
MountedVolume,VolumeLabel,1
MountedVolume,VolumeMountPoint,1
MountedVolume,VolumeName,1
MountedVolume,VolumeRealDeviceName,1
MountedVolume,VolumeSectorSize,1
MountedVolume,VolumeSessionUUID,1
MountedVolume,aid,1
MountedVolume,event_platform,1
MountedVolume,event_simpleName,1
MountedVolume,id,1
MountedVolume,name,1
MountedVolume,timestamp,1
MsiTransactionExecuted,Attacks,1
MsiTransactionExecuted,Attacks.Tactic,1
MsiTransactionExecuted,Attacks.Technique,1
MsiTransactionExecuted,ConfigBuild,1
MsiTransactionExecuted,ConfigStateHash,1
MsiTransactionExecuted,ContextProcessId,1
MsiTransactionExecuted,EffectiveTransmissionClass,1
MsiTransactionExecuted,Entitlements,1
MsiTransactionExecuted,EventOrigin,1
MsiTransactionExecuted,LocalAddressIP4,1
MsiTransactionExecuted,MsiProductCode,1
MsiTransactionExecuted,MsiTransactionEndTimeStamp,1
MsiTransactionExecuted,MsiTransactionStartTimeStamp,1
MsiTransactionExecuted,MsiTransactionType,1
MsiTransactionExecuted,ProductLanguage,1
MsiTransactionExecuted,ProductManufacturer,1
MsiTransactionExecuted,ProductName,1
MsiTransactionExecuted,ProductVersion,1
MsiTransactionExecuted,Status,1
MsiTransactionExecuted,TargetFileName,1
MsiTransactionExecuted,aid,1
MsiTransactionExecuted,aip,1
MsiTransactionExecuted,cid,1
MsiTransactionExecuted,event_platform,1
MsiTransactionExecuted,event_simpleName,1
MsiTransactionExecuted,id,1
MsiTransactionExecuted,name,1
MsiTransactionExecuted,timestamp,1
NeighborListIP4,ConfigBuild,1
NeighborListIP4,ConfigStateHash,1
NeighborListIP4,EffectiveTransmissionClass,1
NeighborListIP4,Entitlements,1
NeighborListIP4,InterfaceIndex,1
NeighborListIP4,NeighborList,1
NeighborListIP4,aid,1
NeighborListIP4,aip,1
NeighborListIP4,cid,1
NeighborListIP4,event_platform,1
NeighborListIP4,event_simpleName,1
NeighborListIP4,id,1
NeighborListIP4,name,1
NeighborListIP4,timestamp,1
NeighborListIP6,ConfigBuild,1
NeighborListIP6,ConfigStateHash,1
NeighborListIP6,EffectiveTransmissionClass,1
NeighborListIP6,Entitlements,1
NeighborListIP6,InterfaceIndex,1
NeighborListIP6,NeighborList,1
NeighborListIP6,aid,1
NeighborListIP6,aip,1
NeighborListIP6,cid,1
NeighborListIP6,event_platform,1
NeighborListIP6,event_simpleName,1
NeighborListIP6,id,1
NeighborListIP6,name,1
NeighborListIP6,timestamp,1
NetShareSecurityModify,AuthenticationId,1
NetShareSecurityModify,ConfigBuild,1
NetShareSecurityModify,ConfigStateHash,1
NetShareSecurityModify,ContextProcessId,1
NetShareSecurityModify,ContextThreadId,1
NetShareSecurityModify,ContextTimeStamp,1
NetShareSecurityModify,EffectiveTransmissionClass,1
NetShareSecurityModify,Entitlements,1
NetShareSecurityModify,EventOrigin,1
NetShareSecurityModify,InterfaceGuid,1
NetShareSecurityModify,InterfaceVersion,1
NetShareSecurityModify,RpcClientProcessId,1
NetShareSecurityModify,RpcNestingLevel,1
NetShareSecurityModify,RpcOpNum,1
NetShareSecurityModify,ShareName,1
NetShareSecurityModify,ShareSecurity,1
NetShareSecurityModify,ShareSecuritySddl,1
NetShareSecurityModify,UserName,1
NetShareSecurityModify,aid,1
NetShareSecurityModify,aip,1
NetShareSecurityModify,cid,1
NetShareSecurityModify,event_platform,1
NetShareSecurityModify,event_simpleName,1
NetShareSecurityModify,id,1
NetShareSecurityModify,name,1
NetShareSecurityModify,timestamp,1
NetworkCloseIP4,ConfigBuild,1
NetworkCloseIP4,ConfigStateHash,1
NetworkCloseIP4,ConnectionDirection,1
NetworkCloseIP4,ConnectionFlags,1
NetworkCloseIP4,ContextProcessId,1
NetworkCloseIP4,ContextTimeStamp,1
NetworkCloseIP4,EffectiveTransmissionClass,1
NetworkCloseIP4,Entitlements,1
NetworkCloseIP4,InContext,1
NetworkCloseIP4,LocalAddressIP4,1
NetworkCloseIP4,LocalPort,1
NetworkCloseIP4,Protocol,1
NetworkCloseIP4,RemoteAddressIP4,1
NetworkCloseIP4,RemotePort,1
NetworkCloseIP4,aid,1
NetworkCloseIP4,aip,1
NetworkCloseIP4,cid,1
NetworkCloseIP4,event_platform,1
NetworkCloseIP4,event_simpleName,1
NetworkCloseIP4,id,1
NetworkCloseIP4,name,1
NetworkCloseIP4,timestamp,1
NetworkCloseIP6,ConfigBuild,1
NetworkCloseIP6,ConfigStateHash,1
NetworkCloseIP6,ConnectionDirection,1
NetworkCloseIP6,ConnectionFlags,1
NetworkCloseIP6,ContextProcessId,1
NetworkCloseIP6,ContextTimeStamp,1
NetworkCloseIP6,EffectiveTransmissionClass,1
NetworkCloseIP6,Entitlements,1
NetworkCloseIP6,InContext,1
NetworkCloseIP6,LocalAddressIP6,1
NetworkCloseIP6,LocalPort,1
NetworkCloseIP6,Protocol,1
NetworkCloseIP6,RemoteAddressIP6,1
NetworkCloseIP6,RemotePort,1
NetworkCloseIP6,aid,1
NetworkCloseIP6,aip,1
NetworkCloseIP6,cid,1
NetworkCloseIP6,event_platform,1
NetworkCloseIP6,event_simpleName,1
NetworkCloseIP6,id,1
NetworkCloseIP6,name,1
NetworkCloseIP6,timestamp,1
NetworkConnectIP4,ConfigBuild,5
NetworkConnectIP4,ConfigStateHash,5
NetworkConnectIP4,ConnectionDirection,5
NetworkConnectIP4,ConnectionFlags,5
NetworkConnectIP4,ContextBaseFileName,5
NetworkConnectIP4,ContextProcessId,5
NetworkConnectIP4,ContextTimeStamp,5
NetworkConnectIP4,EffectiveTransmissionClass,5
NetworkConnectIP4,Entitlements,5
NetworkConnectIP4,EventOrigin,5
NetworkConnectIP4,InContext,5
NetworkConnectIP4,LocalAddressIP4,5
NetworkConnectIP4,LocalPort,5
NetworkConnectIP4,Protocol,5
NetworkConnectIP4,RemoteAddressIP4,5
NetworkConnectIP4,RemoteAddressString,5
NetworkConnectIP4,RemotePort,5
NetworkConnectIP4,aid,5
NetworkConnectIP4,aip,5
NetworkConnectIP4,cid,5
NetworkConnectIP4,event_platform,5
NetworkConnectIP4,event_simpleName,5
NetworkConnectIP4,id,5
NetworkConnectIP4,name,5
NetworkConnectIP4,timestamp,5
NetworkConnectIP4Blocked,ComputerName,1
NetworkConnectIP4Blocked,ConfigBuild,1
NetworkConnectIP4Blocked,ConfigStateHash,1
NetworkConnectIP4Blocked,ConnectionDirection,1
NetworkConnectIP4Blocked,ConnectionFlags,1
NetworkConnectIP4Blocked,ContextBaseFileName,1
NetworkConnectIP4Blocked,ContextProcessId,1
NetworkConnectIP4Blocked,ContextTimeStamp,1
NetworkConnectIP4Blocked,EffectiveTransmissionClass,1
NetworkConnectIP4Blocked,Entitlements,1
NetworkConnectIP4Blocked,EventOrigin,1
NetworkConnectIP4Blocked,InContext,1
NetworkConnectIP4Blocked,LocalAddressIP4,1
NetworkConnectIP4Blocked,LocalPort,1
NetworkConnectIP4Blocked,Protocol,1
NetworkConnectIP4Blocked,RemoteAddressIP4,1
NetworkConnectIP4Blocked,RemotePort,1
NetworkConnectIP4Blocked,aid,1
NetworkConnectIP4Blocked,aip,1
NetworkConnectIP4Blocked,cid,1
NetworkConnectIP4Blocked,event_platform,1
NetworkConnectIP4Blocked,event_simpleName,1
NetworkConnectIP4Blocked,id,1
NetworkConnectIP4Blocked,name,1
NetworkConnectIP4Blocked,timestamp,1
NetworkConnectIP6,ConfigBuild,5
NetworkConnectIP6,ConfigStateHash,5
NetworkConnectIP6,ConnectionDirection,5
NetworkConnectIP6,ConnectionFlags,5
NetworkConnectIP6,ContextBaseFileName,5
NetworkConnectIP6,ContextProcessId,5
NetworkConnectIP6,ContextTimeStamp,5
NetworkConnectIP6,EffectiveTransmissionClass,5
NetworkConnectIP6,Entitlements,5
NetworkConnectIP6,EventOrigin,5
NetworkConnectIP6,InContext,5
NetworkConnectIP6,LocalAddressIP6,5
NetworkConnectIP6,LocalPort,5
NetworkConnectIP6,Protocol,5
NetworkConnectIP6,RemoteAddressIP4,5
NetworkConnectIP6,RemoteAddressIP6,5
NetworkConnectIP6,RemoteAddressString,5
NetworkConnectIP6,RemotePort,5
NetworkConnectIP6,aid,5
NetworkConnectIP6,aip,5
NetworkConnectIP6,cid,5
NetworkConnectIP6,event_platform,5
NetworkConnectIP6,event_simpleName,5
NetworkConnectIP6,id,5
NetworkConnectIP6,name,5
NetworkConnectIP6,timestamp,5
NetworkContainmentCompleted,CloudRequestId,1
NetworkContainmentCompleted,ComputerName,1
NetworkContainmentCompleted,ConfigBuild,1
NetworkContainmentCompleted,ConfigStateHash,1
NetworkContainmentCompleted,ContextTimeStamp,1
NetworkContainmentCompleted,EffectiveTransmissionClass,1
NetworkContainmentCompleted,Entitlements,1
NetworkContainmentCompleted,EventOrigin,1
NetworkContainmentCompleted,LocalAddressIP4,1
NetworkContainmentCompleted,Status,1
NetworkContainmentCompleted,aid,1
NetworkContainmentCompleted,aip,1
NetworkContainmentCompleted,cid,1
NetworkContainmentCompleted,event_platform,1
NetworkContainmentCompleted,event_simpleName,1
NetworkContainmentCompleted,id,1
NetworkContainmentCompleted,name,1
NetworkContainmentCompleted,timestamp,1
NetworkListenIP4,ConfigBuild,5
NetworkListenIP4,ConfigStateHash,5
NetworkListenIP4,ConnectionDirection,5
NetworkListenIP4,ConnectionFlags,5
NetworkListenIP4,ContextProcessId,5
NetworkListenIP4,ContextThreadId,5
NetworkListenIP4,ContextTimeStamp,5
NetworkListenIP4,EffectiveTransmissionClass,5
NetworkListenIP4,Entitlements,5
NetworkListenIP4,EventOrigin,5
NetworkListenIP4,InContext,5
NetworkListenIP4,LocalAddressIP4,5
NetworkListenIP4,LocalPort,5
NetworkListenIP4,Protocol,5
NetworkListenIP4,RemoteAddressIP4,5
NetworkListenIP4,RemotePort,5
NetworkListenIP4,aid,5
NetworkListenIP4,aip,5
NetworkListenIP4,cid,5
NetworkListenIP4,event_platform,5
NetworkListenIP4,event_simpleName,5
NetworkListenIP4,id,5
NetworkListenIP4,name,5
NetworkListenIP4,timestamp,5
NetworkListenIP6,ConfigBuild,4
NetworkListenIP6,ConfigStateHash,4
NetworkListenIP6,ConnectionDirection,4
NetworkListenIP6,ConnectionFlags,4
NetworkListenIP6,ContextProcessId,4
NetworkListenIP6,ContextThreadId,4
NetworkListenIP6,ContextTimeStamp,4
NetworkListenIP6,EffectiveTransmissionClass,4
NetworkListenIP6,Entitlements,4
NetworkListenIP6,EventOrigin,4
NetworkListenIP6,InContext,4
NetworkListenIP6,LocalAddressIP6,4
NetworkListenIP6,LocalPort,4
NetworkListenIP6,Protocol,4
NetworkListenIP6,RemoteAddressIP6,4
NetworkListenIP6,RemotePort,4
NetworkListenIP6,aid,4
NetworkListenIP6,aip,4
NetworkListenIP6,cid,4
NetworkListenIP6,event_platform,4
NetworkListenIP6,event_simpleName,4
NetworkListenIP6,id,4
NetworkListenIP6,name,4
NetworkListenIP6,timestamp,4
NetworkReceiveAcceptIP4,ConfigBuild,2
NetworkReceiveAcceptIP4,ConfigStateHash,2
NetworkReceiveAcceptIP4,ConnectionDirection,2
NetworkReceiveAcceptIP4,ConnectionFlags,2
NetworkReceiveAcceptIP4,ContextBaseFileName,2
NetworkReceiveAcceptIP4,ContextProcessId,2
NetworkReceiveAcceptIP4,ContextTimeStamp,2
NetworkReceiveAcceptIP4,EffectiveTransmissionClass,2
NetworkReceiveAcceptIP4,Entitlements,2
NetworkReceiveAcceptIP4,EventOrigin,2
NetworkReceiveAcceptIP4,InContext,2
NetworkReceiveAcceptIP4,LocalAddressIP4,2
NetworkReceiveAcceptIP4,LocalPort,2
NetworkReceiveAcceptIP4,Protocol,2
NetworkReceiveAcceptIP4,RemoteAddressIP4,2
NetworkReceiveAcceptIP4,RemotePort,2
NetworkReceiveAcceptIP4,aid,2
NetworkReceiveAcceptIP4,aip,2
NetworkReceiveAcceptIP4,cid,2
NetworkReceiveAcceptIP4,event_platform,2
NetworkReceiveAcceptIP4,event_simpleName,2
NetworkReceiveAcceptIP4,id,2
NetworkReceiveAcceptIP4,name,2
NetworkReceiveAcceptIP4,timestamp,2
NetworkReceiveAcceptIP6,ConfigBuild,1
NetworkReceiveAcceptIP6,ConfigStateHash,1
NetworkReceiveAcceptIP6,ConnectionDirection,1
NetworkReceiveAcceptIP6,ConnectionFlags,1
NetworkReceiveAcceptIP6,ContextBaseFileName,1
NetworkReceiveAcceptIP6,ContextProcessId,1
NetworkReceiveAcceptIP6,ContextTimeStamp,1
NetworkReceiveAcceptIP6,EffectiveTransmissionClass,1
NetworkReceiveAcceptIP6,Entitlements,1
NetworkReceiveAcceptIP6,EventOrigin,1
NetworkReceiveAcceptIP6,InContext,1
NetworkReceiveAcceptIP6,LocalAddressIP6,1
NetworkReceiveAcceptIP6,LocalPort,1
NetworkReceiveAcceptIP6,Protocol,1
NetworkReceiveAcceptIP6,RemoteAddressIP6,1
NetworkReceiveAcceptIP6,RemotePort,1
NetworkReceiveAcceptIP6,aid,1
NetworkReceiveAcceptIP6,aip,1
NetworkReceiveAcceptIP6,cid,1
NetworkReceiveAcceptIP6,event_platform,1
NetworkReceiveAcceptIP6,event_simpleName,1
NetworkReceiveAcceptIP6,id,1
NetworkReceiveAcceptIP6,name,1
NetworkReceiveAcceptIP6,timestamp,1
NewExecutableRenamed,ConfigBuild,3
NewExecutableRenamed,ConfigStateHash,3
NewExecutableRenamed,ContextProcessId,3
NewExecutableRenamed,ContextThreadId,3
NewExecutableRenamed,ContextTimeStamp,3
NewExecutableRenamed,EffectiveTransmissionClass,3
NewExecutableRenamed,Entitlements,3
NewExecutableRenamed,EventOrigin,3
NewExecutableRenamed,FileIdentifier,3
NewExecutableRenamed,FileObject,3
NewExecutableRenamed,IrpFlags,3
NewExecutableRenamed,MajorFunction,3
NewExecutableRenamed,MinorFunction,3
NewExecutableRenamed,NewFileIdentifier,3
NewExecutableRenamed,OperationFlags,3
NewExecutableRenamed,SHA256HashData,3
NewExecutableRenamed,Size,3
NewExecutableRenamed,SourceFileName,3
NewExecutableRenamed,TargetFileName,3
NewExecutableRenamed,aid,3
NewExecutableRenamed,aip,3
NewExecutableRenamed,cid,3
NewExecutableRenamed,event_platform,3
NewExecutableRenamed,event_simpleName,3
NewExecutableRenamed,id,3
NewExecutableRenamed,name,3
NewExecutableRenamed,timestamp,3
NewExecutableWritten,ConfigBuild,3
NewExecutableWritten,ConfigStateHash,3
NewExecutableWritten,ContextBaseFileName,3
NewExecutableWritten,ContextImageFileName,3
NewExecutableWritten,ContextProcessId,3
NewExecutableWritten,ContextThreadId,3
NewExecutableWritten,ContextTimeStamp,3
NewExecutableWritten,DesiredAccess,3
NewExecutableWritten,EffectiveTransmissionClass,3
NewExecutableWritten,Entitlements,3
NewExecutableWritten,EventOrigin,3
NewExecutableWritten,FileAttributes,3
NewExecutableWritten,FileEcpBitmask,3
NewExecutableWritten,FileIdentifier,3
NewExecutableWritten,FileObject,3
NewExecutableWritten,Information,3
NewExecutableWritten,IrpFlags,3
NewExecutableWritten,MajorFunction,3
NewExecutableWritten,MinorFunction,3
NewExecutableWritten,OperationFlags,3
NewExecutableWritten,Options,3
NewExecutableWritten,SHA256HashData,3
NewExecutableWritten,ShareAccess,3
NewExecutableWritten,Size,3
NewExecutableWritten,Status,3
NewExecutableWritten,TargetFileName,3
NewExecutableWritten,VnodeModificationType,3
NewExecutableWritten,aid,3
NewExecutableWritten,aip,3
NewExecutableWritten,cid,3
NewExecutableWritten,event_platform,3
NewExecutableWritten,event_simpleName,3
NewExecutableWritten,id,3
NewExecutableWritten,name,3
NewExecutableWritten,timestamp,3
NewScriptWritten,ConfigBuild,4
NewScriptWritten,ConfigStateHash,4
NewScriptWritten,ContextBaseFileName,4
NewScriptWritten,ContextImageFileName,4
NewScriptWritten,ContextProcessId,4
NewScriptWritten,ContextThreadId,4
NewScriptWritten,ContextTimeStamp,4
NewScriptWritten,DesiredAccess,4
NewScriptWritten,EffectiveTransmissionClass,4
NewScriptWritten,Entitlements,4
NewScriptWritten,EventOrigin,4
NewScriptWritten,FileAttributes,4
NewScriptWritten,FileEcpBitmask,4
NewScriptWritten,FileIdentifier,4
NewScriptWritten,FileObject,4
NewScriptWritten,Information,4
NewScriptWritten,IrpFlags,4
NewScriptWritten,IsOnRemovableDisk,4
NewScriptWritten,MajorFunction,4
NewScriptWritten,MinorFunction,4
NewScriptWritten,OperationFlags,4
NewScriptWritten,Options,4
NewScriptWritten,SHA256HashData,4
NewScriptWritten,ShareAccess,4
NewScriptWritten,Size,4
NewScriptWritten,Status,4
NewScriptWritten,TargetFileName,4
NewScriptWritten,UserName,4
NewScriptWritten,aid,4
NewScriptWritten,aip,4
NewScriptWritten,cid,4
NewScriptWritten,event_platform,4
NewScriptWritten,event_simpleName,4
NewScriptWritten,id,4
NewScriptWritten,name,4
NewScriptWritten,timestamp,4
OciContainerInfo,ComputerName,1
OciContainerInfo,ConfigBuild,1
OciContainerInfo,ConfigStateHash,1
OciContainerInfo,EffectiveTransmissionClass,1
OciContainerInfo,Entitlements,1
OciContainerInfo,EventOrigin,1
OciContainerInfo,LocalAddressIP4,1
OciContainerInfo,OciContainerAppName,1
OciContainerInfo,OciContainerAppVersion,1
OciContainerInfo,OciContainerConfigImage,1
OciContainerInfo,OciContainerConfigLabels,1
OciContainerInfo,OciContainerConfigTty,1
OciContainerInfo,OciContainerEngineType,1
OciContainerInfo,OciContainerHostConfigPublishAllPorts,1
OciContainerInfo,OciContainerId,1
OciContainerInfo,OciContainerImageId,1
OciContainerInfo,OciContainerInfoRetransmitted,1
OciContainerInfo,OciContainerMounts,1
OciContainerInfo,OciContainerName,1
OciContainerInfo,OciContainerNetworkSettingsIpAddress,1
OciContainerInfo,OciContainerStateOOMKilled,1
OciContainerInfo,OciContainerStatePid,1
OciContainerInfo,aid,1
OciContainerInfo,aip,1
OciContainerInfo,cid,1
OciContainerInfo,event_platform,1
OciContainerInfo,event_simpleName,1
OciContainerInfo,id,1
OciContainerInfo,name,1
OciContainerInfo,timestamp,1
OdsMaliciousFileFound,ComputerName,1
OdsMaliciousFileFound,ConfigBuild,1
OdsMaliciousFileFound,ConfigStateHash,1
OdsMaliciousFileFound,EffectiveTransmissionClass,1
OdsMaliciousFileFound,Entitlements,1
OdsMaliciousFileFound,EventOrigin,1
OdsMaliciousFileFound,OdsFileName,1
OdsMaliciousFileFound,OdsIsFileQuarantined,1
OdsMaliciousFileFound,OdsPatternId,1
OdsMaliciousFileFound,OdsScanId,1
OdsMaliciousFileFound,SHA256HashData,1
OdsMaliciousFileFound,aid,1
OdsMaliciousFileFound,aip,1
OdsMaliciousFileFound,cid,1
OdsMaliciousFileFound,event_platform,1
OdsMaliciousFileFound,event_simpleName,1
OdsMaliciousFileFound,id,1
OdsMaliciousFileFound,name,1
OdsMaliciousFileFound,timestamp,1
OdsStarted,ComputerName,1
OdsStarted,ConfigBuild,1
OdsStarted,ConfigStateHash,1
OdsStarted,ContextTimeStamp,1
OdsStarted,EffectiveTransmissionClass,1
OdsStarted,Entitlements,1
OdsStarted,EventOrigin,1
OdsStarted,OdsCPUPriority,1
OdsStarted,OdsEndpointNotification,1
OdsStarted,OdsPreemptionPriority,1
OdsStarted,OdsProfileId,1
OdsStarted,OdsQuarantineFile,1
OdsStarted,OdsScanId,1
OdsStarted,OdsScanType,1
OdsStarted,aid,1
OdsStarted,aip,1
OdsStarted,cid,1
OdsStarted,event_platform,1
OdsStarted,event_simpleName,1
OdsStarted,id,1
OdsStarted,name,1
OdsStarted,timestamp,1
OleFileWritten,AuthenticationId,1
OleFileWritten,ConfigBuild,1
OleFileWritten,ConfigStateHash,1
OleFileWritten,ContextBaseFileName,1
OleFileWritten,ContextProcessId,1
OleFileWritten,ContextThreadId,1
OleFileWritten,ContextTimeStamp,1
OleFileWritten,DiskParentDeviceInstanceId,1
OleFileWritten,EffectiveTransmissionClass,1
OleFileWritten,Entitlements,1
OleFileWritten,EventOrigin,1
OleFileWritten,FileCategory,1
OleFileWritten,FileEcpBitmask,1
OleFileWritten,FileIdentifier,1
OleFileWritten,FileObject,1
OleFileWritten,FileOperatorSid,1
OleFileWritten,FileWrittenFlags,1
OleFileWritten,IrpFlags,1
OleFileWritten,IsOnNetwork,1
OleFileWritten,IsOnRemovableDisk,1
OleFileWritten,MajorFunction,1
OleFileWritten,MinorFunction,1
OleFileWritten,OperationFlags,1
OleFileWritten,Size,1
OleFileWritten,TargetFileName,1
OleFileWritten,TokenType,1
OleFileWritten,aid,1
OleFileWritten,aip,1
OleFileWritten,cid,1
OleFileWritten,event_platform,1
OleFileWritten,event_simpleName,1
OleFileWritten,id,1
OleFileWritten,name,1
OleFileWritten,timestamp,1
OoxmlFileWritten,AuthenticationId,3
OoxmlFileWritten,BoundingLimitCount,3
OoxmlFileWritten,BoundingLimitDuration,3
OoxmlFileWritten,ConfigBuild,3
OoxmlFileWritten,ConfigStateHash,3
OoxmlFileWritten,ContextBaseFileName,3
OoxmlFileWritten,ContextProcessId,3
OoxmlFileWritten,ContextThreadId,3
OoxmlFileWritten,ContextTimeStamp,3
OoxmlFileWritten,DiskParentDeviceInstanceId,3
OoxmlFileWritten,EffectiveTransmissionClass,3
OoxmlFileWritten,Entitlements,3
OoxmlFileWritten,EventOrigin,3
OoxmlFileWritten,FileCategory,3
OoxmlFileWritten,FileEcpBitmask,3
OoxmlFileWritten,FileIdentifier,3
OoxmlFileWritten,FileObject,3
OoxmlFileWritten,FileOperatorSid,3
OoxmlFileWritten,FileWrittenFlags,3
OoxmlFileWritten,IrpFlags,3
OoxmlFileWritten,IsOnNetwork,3
OoxmlFileWritten,IsOnRemovableDisk,3
OoxmlFileWritten,MajorFunction,3
OoxmlFileWritten,MinorFunction,3
OoxmlFileWritten,OperationFlags,3
OoxmlFileWritten,Size,3
OoxmlFileWritten,TargetFileName,3
OoxmlFileWritten,TokenType,3
OoxmlFileWritten,aid,3
OoxmlFileWritten,aip,3
OoxmlFileWritten,cid,3
OoxmlFileWritten,event_platform,3
OoxmlFileWritten,event_simpleName,3
OoxmlFileWritten,id,3
OoxmlFileWritten,name,3
OoxmlFileWritten,timestamp,3
OpenDirectoryAttributeAdd,Attacks,1
OpenDirectoryAttributeAdd,Attacks.Tactic,1
OpenDirectoryAttributeAdd,Attacks.Technique,1
OpenDirectoryAttributeAdd,ConfigBuild,1
OpenDirectoryAttributeAdd,ConfigStateHash,1
OpenDirectoryAttributeAdd,ContextProcessId,1
OpenDirectoryAttributeAdd,ContextTimeStamp,1
OpenDirectoryAttributeAdd,EffectiveTransmissionClass,1
OpenDirectoryAttributeAdd,Entitlements,1
OpenDirectoryAttributeAdd,EventOrigin,1
OpenDirectoryAttributeAdd,LocalAddressIP4,1
OpenDirectoryAttributeAdd,ODAttributeName,1
OpenDirectoryAttributeAdd,ODDatabasePath,1
OpenDirectoryAttributeAdd,ODErrorCode,1
OpenDirectoryAttributeAdd,ODNodeName,1
OpenDirectoryAttributeAdd,ODRecordName,1
OpenDirectoryAttributeAdd,ODRecordType,1
OpenDirectoryAttributeAdd,UserName,1
OpenDirectoryAttributeAdd,UserPrincipal,1
OpenDirectoryAttributeAdd,aid,1
OpenDirectoryAttributeAdd,aip,1
OpenDirectoryAttributeAdd,cid,1
OpenDirectoryAttributeAdd,event_platform,1
OpenDirectoryAttributeAdd,event_simpleName,1
OpenDirectoryAttributeAdd,id,1
OpenDirectoryAttributeAdd,name,1
OpenDirectoryAttributeAdd,timestamp,1
OpenDirectoryAttributeRemove,Attacks,1
OpenDirectoryAttributeRemove,Attacks.Tactic,1
OpenDirectoryAttributeRemove,Attacks.Technique,1
OpenDirectoryAttributeRemove,ConfigBuild,1
OpenDirectoryAttributeRemove,ConfigStateHash,1
OpenDirectoryAttributeRemove,ContextProcessId,1
OpenDirectoryAttributeRemove,ContextTimeStamp,1
OpenDirectoryAttributeRemove,EffectiveTransmissionClass,1
OpenDirectoryAttributeRemove,Entitlements,1
OpenDirectoryAttributeRemove,EventOrigin,1
OpenDirectoryAttributeRemove,LocalAddressIP4,1
OpenDirectoryAttributeRemove,ODAttributeName,1
OpenDirectoryAttributeRemove,ODDatabasePath,1
OpenDirectoryAttributeRemove,ODErrorCode,1
OpenDirectoryAttributeRemove,ODNodeName,1
OpenDirectoryAttributeRemove,ODRecordName,1
OpenDirectoryAttributeRemove,ODRecordType,1
OpenDirectoryAttributeRemove,UserName,1
OpenDirectoryAttributeRemove,UserPrincipal,1
OpenDirectoryAttributeRemove,aid,1
OpenDirectoryAttributeRemove,aip,1
OpenDirectoryAttributeRemove,cid,1
OpenDirectoryAttributeRemove,event_platform,1
OpenDirectoryAttributeRemove,event_simpleName,1
OpenDirectoryAttributeRemove,id,1
OpenDirectoryAttributeRemove,name,1
OpenDirectoryAttributeRemove,timestamp,1
OpenDirectoryAttributeSet,Attacks,1
OpenDirectoryAttributeSet,Attacks.Tactic,1
OpenDirectoryAttributeSet,Attacks.Technique,1
OpenDirectoryAttributeSet,ConfigBuild,1
OpenDirectoryAttributeSet,ConfigStateHash,1
OpenDirectoryAttributeSet,ContextProcessId,1
OpenDirectoryAttributeSet,ContextTimeStamp,1
OpenDirectoryAttributeSet,EffectiveTransmissionClass,1
OpenDirectoryAttributeSet,Entitlements,1
OpenDirectoryAttributeSet,EventOrigin,1
OpenDirectoryAttributeSet,LocalAddressIP4,1
OpenDirectoryAttributeSet,ODAttributeName,1
OpenDirectoryAttributeSet,ODDatabasePath,1
OpenDirectoryAttributeSet,ODErrorCode,1
OpenDirectoryAttributeSet,ODNodeName,1
OpenDirectoryAttributeSet,ODRecordName,1
OpenDirectoryAttributeSet,ODRecordType,1
OpenDirectoryAttributeSet,aid,1
OpenDirectoryAttributeSet,aip,1
OpenDirectoryAttributeSet,cid,1
OpenDirectoryAttributeSet,event_platform,1
OpenDirectoryAttributeSet,event_simpleName,1
OpenDirectoryAttributeSet,id,1
OpenDirectoryAttributeSet,name,1
OpenDirectoryAttributeSet,timestamp,1
OpenDirectoryCreateUser,ComputerName,1
OpenDirectoryCreateUser,ConfigBuild,1
OpenDirectoryCreateUser,ConfigStateHash,1
OpenDirectoryCreateUser,ContextProcessId,1
OpenDirectoryCreateUser,ContextTimeStamp,1
OpenDirectoryCreateUser,EffectiveTransmissionClass,1
OpenDirectoryCreateUser,Entitlements,1
OpenDirectoryCreateUser,EventOrigin,1
OpenDirectoryCreateUser,ODDatabasePath,1
OpenDirectoryCreateUser,ODErrorCode,1
OpenDirectoryCreateUser,ODNodeName,1
OpenDirectoryCreateUser,UserNames,1
OpenDirectoryCreateUser,aid,1
OpenDirectoryCreateUser,aip,1
OpenDirectoryCreateUser,cid,1
OpenDirectoryCreateUser,event_platform,1
OpenDirectoryCreateUser,event_simpleName,1
OpenDirectoryCreateUser,id,1
OpenDirectoryCreateUser,name,1
OpenDirectoryCreateUser,timestamp,1
OpenDirectoryPasswordModification,Attacks,1
OpenDirectoryPasswordModification,Attacks.Tactic,1
OpenDirectoryPasswordModification,Attacks.Technique,1
OpenDirectoryPasswordModification,ConfigBuild,1
OpenDirectoryPasswordModification,ConfigStateHash,1
OpenDirectoryPasswordModification,ContextProcessId,1
OpenDirectoryPasswordModification,ContextTimeStamp,1
OpenDirectoryPasswordModification,EffectiveTransmissionClass,1
OpenDirectoryPasswordModification,Entitlements,1
OpenDirectoryPasswordModification,EventOrigin,1
OpenDirectoryPasswordModification,LocalAddressIP4,1
OpenDirectoryPasswordModification,ODAccountType,1
OpenDirectoryPasswordModification,ODDatabasePath,1
OpenDirectoryPasswordModification,ODErrorCode,1
OpenDirectoryPasswordModification,ODNodeName,1
OpenDirectoryPasswordModification,aid,1
OpenDirectoryPasswordModification,aip,1
OpenDirectoryPasswordModification,cid,1
OpenDirectoryPasswordModification,event_platform,1
OpenDirectoryPasswordModification,event_simpleName,1
OpenDirectoryPasswordModification,id,1
OpenDirectoryPasswordModification,name,1
OpenDirectoryPasswordModification,timestamp,1
OsVersionInfo,AgentVersion,2
OsVersionInfo,BootArgs,2
OsVersionInfo,ConfigBuild,2
OsVersionInfo,ConfigStateHash,2
OsVersionInfo,EffectiveTransmissionClass,2
OsVersionInfo,Entitlements,2
OsVersionInfo,MajorVersion,2
OsVersionInfo,MinorVersion,2
OsVersionInfo,OSVersionFileData,2
OsVersionInfo,OSVersionFileName,2
OsVersionInfo,OSVersionString,2
OsVersionInfo,RFMState,2
OsVersionInfo,aid,2
OsVersionInfo,aip,2
OsVersionInfo,cid,2
OsVersionInfo,event_platform,2
OsVersionInfo,event_simpleName,2
OsVersionInfo,id,2
OsVersionInfo,name,2
OsVersionInfo,timestamp,2
PackedExecutableWritten,ConfigBuild,1
PackedExecutableWritten,ConfigStateHash,1
PackedExecutableWritten,ContextProcessId,1
PackedExecutableWritten,EffectiveTransmissionClass,1
PackedExecutableWritten,Entitlements,1
PackedExecutableWritten,EventOrigin,1
PackedExecutableWritten,FileSubType,1
PackedExecutableWritten,SHA256HashData,1
PackedExecutableWritten,TargetFileName,1
PackedExecutableWritten,aid,1
PackedExecutableWritten,aip,1
PackedExecutableWritten,cid,1
PackedExecutableWritten,event_platform,1
PackedExecutableWritten,event_simpleName,1
PackedExecutableWritten,id,1
PackedExecutableWritten,name,1
PackedExecutableWritten,timestamp,1
PacketFilterAttached,ComputerName,1
PacketFilterAttached,ConfigBuild,1
PacketFilterAttached,ConfigStateHash,1
PacketFilterAttached,ContextProcessId,1
PacketFilterAttached,ContextTimeStamp,1
PacketFilterAttached,EffectiveTransmissionClass,1
PacketFilterAttached,Entitlements,1
PacketFilterAttached,EventOrigin,1
PacketFilterAttached,FilterContent,1
PacketFilterAttached,FilterLength,1
PacketFilterAttached,ImageFileName,1
PacketFilterAttached,LocalAddressIP4,1
PacketFilterAttached,SHA256HashData,1
PacketFilterAttached,aid,1
PacketFilterAttached,aip,1
PacketFilterAttached,cid,1
PacketFilterAttached,event_platform,1
PacketFilterAttached,event_simpleName,1
PacketFilterAttached,id,1
PacketFilterAttached,name,1
PacketFilterAttached,timestamp,1
PdfFileWritten,AuthenticationId,3
PdfFileWritten,ConfigBuild,3
PdfFileWritten,ConfigStateHash,3
PdfFileWritten,ContextBaseFileName,3
PdfFileWritten,ContextProcessId,3
PdfFileWritten,ContextThreadId,3
PdfFileWritten,ContextTimeStamp,3
PdfFileWritten,DiskParentDeviceInstanceId,3
PdfFileWritten,EffectiveTransmissionClass,3
PdfFileWritten,Entitlements,3
PdfFileWritten,EventOrigin,3
PdfFileWritten,FileCategory,3
PdfFileWritten,FileEcpBitmask,3
PdfFileWritten,FileIdentifier,3
PdfFileWritten,FileObject,3
PdfFileWritten,FileOperatorSid,3
PdfFileWritten,FileWrittenFlags,3
PdfFileWritten,IrpFlags,3
PdfFileWritten,IsOnNetwork,3
PdfFileWritten,IsOnRemovableDisk,3
PdfFileWritten,MajorFunction,3
PdfFileWritten,MinorFunction,3
PdfFileWritten,OperationFlags,3
PdfFileWritten,Size,3
PdfFileWritten,TargetFileName,3
PdfFileWritten,TokenType,3
PdfFileWritten,aid,3
PdfFileWritten,aip,3
PdfFileWritten,cid,3
PdfFileWritten,event_platform,3
PdfFileWritten,event_simpleName,3
PdfFileWritten,id,3
PdfFileWritten,name,3
PdfFileWritten,timestamp,3
PeFileWritten,AuthenticationId,2
PeFileWritten,ConfigBuild,2
PeFileWritten,ConfigStateHash,2
PeFileWritten,ContextBaseFileName,2
PeFileWritten,ContextImageFileName,2
PeFileWritten,ContextProcessId,2
PeFileWritten,ContextThreadId,2
PeFileWritten,ContextTimeStamp,2
PeFileWritten,DiskParentDeviceInstanceId,2
PeFileWritten,DllCharacteristics,2
PeFileWritten,EffectiveTransmissionClass,2
PeFileWritten,Entitlements,2
PeFileWritten,EventOrigin,2
PeFileWritten,FileCategory,2
PeFileWritten,FileEcpBitmask,2
PeFileWritten,FileIdentifier,2
PeFileWritten,FileObject,2
PeFileWritten,FileOperatorSid,2
PeFileWritten,FileWrittenFlags,2
PeFileWritten,ImageCheckSum,2
PeFileWritten,ImageEntryPoint,2
PeFileWritten,ImageSubsystem,2
PeFileWritten,ImageTimeStamp,2
PeFileWritten,IrpFlags,2
PeFileWritten,IsOnNetwork,2
PeFileWritten,IsOnRemovableDisk,2
PeFileWritten,IsTransactedFile,2
PeFileWritten,MajorFunction,2
PeFileWritten,MinorFunction,2
PeFileWritten,ModuleCharacteristics,2
PeFileWritten,OperationFlags,2
PeFileWritten,SHA256HashData,2
PeFileWritten,Size,2
PeFileWritten,TargetFileName,2
PeFileWritten,TokenType,2
PeFileWritten,UserName,2
PeFileWritten,aid,2
PeFileWritten,aip,2
PeFileWritten,cid,2
PeFileWritten,event_platform,2
PeFileWritten,event_simpleName,2
PeFileWritten,id,2
PeFileWritten,name,2
PeFileWritten,timestamp,2
PeVersionInfo,CompanyName,1
PeVersionInfo,ConfigBuild,1
PeVersionInfo,ConfigStateHash,1
PeVersionInfo,EffectiveTransmissionClass,1
PeVersionInfo,Entitlements,1
PeVersionInfo,EventOrigin,1
PeVersionInfo,FileVersion,1
PeVersionInfo,FixedFileVersion,1
PeVersionInfo,ImageFileName,1
PeVersionInfo,LanguageId,1
PeVersionInfo,OriginalFilename,1
PeVersionInfo,SHA256HashData,1
PeVersionInfo,VersionInfo,1
PeVersionInfo,aid,1
PeVersionInfo,aip,1
PeVersionInfo,cid,1
PeVersionInfo,event_platform,1
PeVersionInfo,event_simpleName,1
PeVersionInfo,id,1
PeVersionInfo,name,1
PeVersionInfo,timestamp,1
PemFileWritten,ConfigBuild,1
PemFileWritten,ConfigStateHash,1
PemFileWritten,ContextProcessId,1
PemFileWritten,ContextTimeStamp,1
PemFileWritten,EffectiveTransmissionClass,1
PemFileWritten,Entitlements,1
PemFileWritten,EventOrigin,1
PemFileWritten,FileCategory,1
PemFileWritten,FileIdentifier,1
PemFileWritten,IsOnRemovableDisk,1
PemFileWritten,LocalAddressIP4,1
PemFileWritten,Size,1
PemFileWritten,TargetFileName,1
PemFileWritten,UserName,1
PemFileWritten,UserPrincipal,1
PemFileWritten,aid,1
PemFileWritten,aip,1
PemFileWritten,cid,1
PemFileWritten,event_platform,1
PemFileWritten,event_simpleName,1
PemFileWritten,id,1
PemFileWritten,name,1
PemFileWritten,timestamp,1
PngFileWritten,Attacks,3
PngFileWritten,Attacks.Tactic,3
PngFileWritten,Attacks.Technique,3
PngFileWritten,AuthenticationId,3
PngFileWritten,BoundingLimitCount,3
PngFileWritten,BoundingLimitDuration,3
PngFileWritten,ComputerName,3
PngFileWritten,ConfigBuild,3
PngFileWritten,ConfigStateHash,3
PngFileWritten,ContextBaseFileName,3
PngFileWritten,ContextProcessId,3
PngFileWritten,ContextThreadId,3
PngFileWritten,ContextTimeStamp,3
PngFileWritten,DiskParentDeviceInstanceId,3
PngFileWritten,EffectiveTransmissionClass,3
PngFileWritten,Entitlements,3
PngFileWritten,EventOrigin,3
PngFileWritten,FileCategory,3
PngFileWritten,FileEcpBitmask,3
PngFileWritten,FileIdentifier,3
PngFileWritten,FileObject,3
PngFileWritten,FileOperatorSid,3
PngFileWritten,FileWrittenFlags,3
PngFileWritten,IrpFlags,3
PngFileWritten,IsOnNetwork,3
PngFileWritten,IsOnRemovableDisk,3
PngFileWritten,LocalAddressIP4,3
PngFileWritten,MajorFunction,3
PngFileWritten,MinorFunction,3
PngFileWritten,OperationFlags,3
PngFileWritten,Size,3
PngFileWritten,TargetFileName,3
PngFileWritten,TokenType,3
PngFileWritten,UID,3
PngFileWritten,UserName,3
PngFileWritten,UserPrincipal,3
PngFileWritten,aid,3
PngFileWritten,aip,3
PngFileWritten,cid,3
PngFileWritten,event_platform,3
PngFileWritten,event_simpleName,3
PngFileWritten,id,3
PngFileWritten,name,3
PngFileWritten,timestamp,3
PrivilegedProcessHandleFromUnsignedModule,Certificate,1
PrivilegedProcessHandleFromUnsignedModule,ConfigBuild,1
PrivilegedProcessHandleFromUnsignedModule,ConfigStateHash,1
PrivilegedProcessHandleFromUnsignedModule,ContextProcessId,1
PrivilegedProcessHandleFromUnsignedModule,ContextThreadId,1
PrivilegedProcessHandleFromUnsignedModule,ContextTimeStamp,1
PrivilegedProcessHandleFromUnsignedModule,DesiredAccess,1
PrivilegedProcessHandleFromUnsignedModule,EffectiveTransmissionClass,1
PrivilegedProcessHandleFromUnsignedModule,Entitlements,1
PrivilegedProcessHandleFromUnsignedModule,EventOrigin,1
PrivilegedProcessHandleFromUnsignedModule,ExtendedKeyUsages,1
PrivilegedProcessHandleFromUnsignedModule,FileSigningTime,1
PrivilegedProcessHandleFromUnsignedModule,HandleCreated,1
PrivilegedProcessHandleFromUnsignedModule,ImageFileName,1
PrivilegedProcessHandleFromUnsignedModule,Object1Name,1
PrivilegedProcessHandleFromUnsignedModule,Object1Type,1
PrivilegedProcessHandleFromUnsignedModule,PublicKeys,1
PrivilegedProcessHandleFromUnsignedModule,SHA256HashData,1
PrivilegedProcessHandleFromUnsignedModule,SignInfoFlags,1
PrivilegedProcessHandleFromUnsignedModule,Status,1
PrivilegedProcessHandleFromUnsignedModule,TargetProcessId,1
PrivilegedProcessHandleFromUnsignedModule,aid,1
PrivilegedProcessHandleFromUnsignedModule,aip,1
PrivilegedProcessHandleFromUnsignedModule,cid,1
PrivilegedProcessHandleFromUnsignedModule,event_platform,1
PrivilegedProcessHandleFromUnsignedModule,event_simpleName,1
PrivilegedProcessHandleFromUnsignedModule,id,1
PrivilegedProcessHandleFromUnsignedModule,name,1
PrivilegedProcessHandleFromUnsignedModule,timestamp,1
ProcessAncestryInformation,BaseFileName,1
ProcessAncestryInformation,ConfigBuild,1
ProcessAncestryInformation,ConfigStateHash,1
ProcessAncestryInformation,EffectiveTransmissionClass,1
ProcessAncestryInformation,Entitlements,1
ProcessAncestryInformation,EventOrigin,1
ProcessAncestryInformation,GrandParentBaseFileName,1
ProcessAncestryInformation,GrandparentSHA256HashData,1
ProcessAncestryInformation,GreatGrandParentBaseFileName,1
ProcessAncestryInformation,LocalAddressIP4,1
ProcessAncestryInformation,ParentSHA256HashData,1
ProcessAncestryInformation,SHA256HashData,1
ProcessAncestryInformation,UserName,1
ProcessAncestryInformation,UserPrincipal,1
ProcessAncestryInformation,aid,1
ProcessAncestryInformation,aip,1
ProcessAncestryInformation,cid,1
ProcessAncestryInformation,event_platform,1
ProcessAncestryInformation,event_simpleName,1
ProcessAncestryInformation,id,1
ProcessAncestryInformation,name,1
ProcessAncestryInformation,timestamp,1
ProcessExecOnPackedExecutable,ConfigBuild,1
ProcessExecOnPackedExecutable,ConfigStateHash,1
ProcessExecOnPackedExecutable,ContextProcessId,1
ProcessExecOnPackedExecutable,EffectiveTransmissionClass,1
ProcessExecOnPackedExecutable,Entitlements,1
ProcessExecOnPackedExecutable,EventOrigin,1
ProcessExecOnPackedExecutable,FileSubType,1
ProcessExecOnPackedExecutable,SHA256HashData,1
ProcessExecOnPackedExecutable,TargetProcessId,1
ProcessExecOnPackedExecutable,aid,1
ProcessExecOnPackedExecutable,aip,1
ProcessExecOnPackedExecutable,cid,1
ProcessExecOnPackedExecutable,event_platform,1
ProcessExecOnPackedExecutable,event_simpleName,1
ProcessExecOnPackedExecutable,id,1
ProcessExecOnPackedExecutable,name,1
ProcessExecOnPackedExecutable,timestamp,1
ProcessExecOnSMBFile,AuthenticationId,1
ProcessExecOnSMBFile,ClientComputerName,1
ProcessExecOnSMBFile,ConfigBuild,1
ProcessExecOnSMBFile,ConfigStateHash,1
ProcessExecOnSMBFile,ContextProcessId,1
ProcessExecOnSMBFile,EffectiveTransmissionClass,1
ProcessExecOnSMBFile,Entitlements,1
ProcessExecOnSMBFile,EventOrigin,1
ProcessExecOnSMBFile,LogonDomain,1
ProcessExecOnSMBFile,PatternId,1
ProcessExecOnSMBFile,RemoteAddressIP4,1
ProcessExecOnSMBFile,UserName,1
ProcessExecOnSMBFile,UserPrincipal,1
ProcessExecOnSMBFile,UserSid,1
ProcessExecOnSMBFile,aid,1
ProcessExecOnSMBFile,aip,1
ProcessExecOnSMBFile,cid,1
ProcessExecOnSMBFile,event_platform,1
ProcessExecOnSMBFile,event_simpleName,1
ProcessExecOnSMBFile,id,1
ProcessExecOnSMBFile,name,1
ProcessExecOnSMBFile,timestamp,1
ProcessRollup2,AuthenticationId,11
ProcessRollup2,AuthenticodeHashData,11
ProcessRollup2,CapPrm,11
ProcessRollup2,ChangeTime,11
ProcessRollup2,CommandLine,11
ProcessRollup2,ComputerName,11
ProcessRollup2,ConfigBuild,11
ProcessRollup2,ConfigStateHash,11
ProcessRollup2,EffectiveTransmissionClass,11
ProcessRollup2,Entitlements,11
ProcessRollup2,EventOrigin,11
ProcessRollup2,GID,11
ProcessRollup2,ImageFileName,11
ProcessRollup2,ImageSubsystem,11
ProcessRollup2,IntegrityLevel,11
ProcessRollup2,LocalAddressIP4,11
ProcessRollup2,MD5HashData,11
ProcessRollup2,MachOSubType,11
ProcessRollup2,NDRoot,11
ProcessRollup2,OciContainerId,11
ProcessRollup2,ParentAuthenticationId,11
ProcessRollup2,ParentBaseFileName,11
ProcessRollup2,ParentProcessId,11
ProcessRollup2,ProcessCreateFlags,11
ProcessRollup2,ProcessEndTime,11
ProcessRollup2,ProcessGroupId,11
ProcessRollup2,ProcessParameterFlags,11
ProcessRollup2,ProcessStartTime,11
ProcessRollup2,ProcessSxsFlags,11
ProcessRollup2,RGID,11
ProcessRollup2,RUID,11
ProcessRollup2,RawProcessId,11
ProcessRollup2,RootPath,11
ProcessRollup2,RpcClientProcessId,11
ProcessRollup2,SHA1HashData,11
ProcessRollup2,SHA256HashData,11
ProcessRollup2,SVGID,11
ProcessRollup2,SVUID,11
ProcessRollup2,SessionId,11
ProcessRollup2,SessionProcessId,11
ProcessRollup2,SignInfoFlags,11
ProcessRollup2,SourceProcessId,11
ProcessRollup2,SourceThreadId,11
ProcessRollup2,Tags,11
ProcessRollup2,TargetProcessId,11
ProcessRollup2,TokenType,11
ProcessRollup2,UID,11
ProcessRollup2,UserName,11
ProcessRollup2,UserSid,11
ProcessRollup2,WindowFlags,11
ProcessRollup2,aid,11
ProcessRollup2,aip,11
ProcessRollup2,cid,11
ProcessRollup2,event_platform,11
ProcessRollup2,event_simpleName,11
ProcessRollup2,id,11
ProcessRollup2,name,11
ProcessRollup2,timestamp,11
ProcessRollup2Stats,BoundedCount,3
ProcessRollup2Stats,CommandLine,3
ProcessRollup2Stats,ConfigBuild,3
ProcessRollup2Stats,ConfigStateHash,3
ProcessRollup2Stats,EffectiveTransmissionClass,3
ProcessRollup2Stats,Entitlements,3
ProcessRollup2Stats,EventOrigin,3
ProcessRollup2Stats,ParentProcessId,3
ProcessRollup2Stats,ProcessCount,3
ProcessRollup2Stats,SHA256HashData,3
ProcessRollup2Stats,SuppressType,3
ProcessRollup2Stats,Timeout,3
ProcessRollup2Stats,UID,3
ProcessRollup2Stats,aid,3
ProcessRollup2Stats,aip,3
ProcessRollup2Stats,cid,3
ProcessRollup2Stats,event_platform,3
ProcessRollup2Stats,event_simpleName,3
ProcessRollup2Stats,id,3
ProcessRollup2Stats,name,3
ProcessRollup2Stats,timestamp,3
ProcessSelfDeleted,ConfigBuild,1
ProcessSelfDeleted,ConfigStateHash,1
ProcessSelfDeleted,ContextProcessId,1
ProcessSelfDeleted,ContextTimeStamp,1
ProcessSelfDeleted,EffectiveTransmissionClass,1
ProcessSelfDeleted,Entitlements,1
ProcessSelfDeleted,EventOrigin,1
ProcessSelfDeleted,FileIdentifier,1
ProcessSelfDeleted,ImageFileName,1
ProcessSelfDeleted,SHA256HashData,1
ProcessSelfDeleted,SourceProcessId,1
ProcessSelfDeleted,TargetProcessId,1
ProcessSelfDeleted,aid,1
ProcessSelfDeleted,aip,1
ProcessSelfDeleted,cid,1
ProcessSelfDeleted,event_platform,1
ProcessSelfDeleted,event_simpleName,1
ProcessSelfDeleted,id,1
ProcessSelfDeleted,name,1
ProcessSelfDeleted,timestamp,1
ProcessSubstituteUser,Attacks,1
ProcessSubstituteUser,Attacks.Tactic,1
ProcessSubstituteUser,Attacks.Technique,1
ProcessSubstituteUser,CommandLine,1
ProcessSubstituteUser,ConfigBuild,1
ProcessSubstituteUser,ConfigStateHash,1
ProcessSubstituteUser,ContextProcessId,1
ProcessSubstituteUser,ContextTimeStamp,1
ProcessSubstituteUser,EffectiveTransmissionClass,1
ProcessSubstituteUser,Entitlements,1
ProcessSubstituteUser,EnvironmentVariablesString,1
ProcessSubstituteUser,EventOrigin,1
ProcessSubstituteUser,ExecutionShell,1
ProcessSubstituteUser,LocalAddressIP4,1
ProcessSubstituteUser,NewUserID,1
ProcessSubstituteUser,NewUsername,1
ProcessSubstituteUser,OriginalUserID,1
ProcessSubstituteUser,OriginalUserName,1
ProcessSubstituteUser,UserName,1
ProcessSubstituteUser,UserPrincipal,1
ProcessSubstituteUser,aid,1
ProcessSubstituteUser,aip,1
ProcessSubstituteUser,cid,1
ProcessSubstituteUser,event_platform,1
ProcessSubstituteUser,event_simpleName,1
ProcessSubstituteUser,id,1
ProcessSubstituteUser,name,1
ProcessSubstituteUser,timestamp,1
ProvisioningStarted,AgentLoadFlags,1
ProvisioningStarted,ComputerName,1
ProvisioningStarted,ConfigBuild,1
ProvisioningStarted,ConfigStateHash,1
ProvisioningStarted,ContextTimeStamp,1
ProvisioningStarted,EffectiveTransmissionClass,1
ProvisioningStarted,Entitlements,1
ProvisioningStarted,LocalAddressIP4,1
ProvisioningStarted,aid,1
ProvisioningStarted,aip,1
ProvisioningStarted,cid,1
ProvisioningStarted,event_platform,1
ProvisioningStarted,event_simpleName,1
ProvisioningStarted,id,1
ProvisioningStarted,name,1
ProvisioningStarted,timestamp,1
PtActivationStatus,ConfigBuild,1
PtActivationStatus,ConfigStateHash,1
PtActivationStatus,EffectiveTransmissionClass,1
PtActivationStatus,Entitlements,1
PtActivationStatus,EventOrigin,1
PtActivationStatus,LocalAddressIP4,1
PtActivationStatus,PtCompatibilityFlags,1
PtActivationStatus,PtStatusFlags,1
PtActivationStatus,aid,1
PtActivationStatus,aip,1
PtActivationStatus,cid,1
PtActivationStatus,event_platform,1
PtActivationStatus,event_simpleName,1
PtActivationStatus,id,1
PtActivationStatus,name,1
PtActivationStatus,timestamp,1
PtyCreated,CommandLine,2
PtyCreated,ConfigBuild,2
PtyCreated,ConfigStateHash,2
PtyCreated,ContextProcessId,2
PtyCreated,ContextThreadId,2
PtyCreated,ContextTimeStamp,2
PtyCreated,DeviceId,2
PtyCreated,EffectiveTransmissionClass,2
PtyCreated,Entitlements,2
PtyCreated,EventOrigin,2
PtyCreated,ImageFileName,2
PtyCreated,aid,2
PtyCreated,aip,2
PtyCreated,cid,2
PtyCreated,event_platform,2
PtyCreated,event_simpleName,2
PtyCreated,id,2
PtyCreated,name,2
PtyCreated,timestamp,2
RansomwareFileAccessPattern,ClientId,1
RansomwareFileAccessPattern,CommandLine,1
RansomwareFileAccessPattern,ConfigBuild,1
RansomwareFileAccessPattern,ConfigStateHash,1
RansomwareFileAccessPattern,ContextProcessId,1
RansomwareFileAccessPattern,EffectiveTransmissionClass,1
RansomwareFileAccessPattern,Entitlements,1
RansomwareFileAccessPattern,EventOrigin,1
RansomwareFileAccessPattern,ImageFileName,1
RansomwareFileAccessPattern,PatternId,1
RansomwareFileAccessPattern,SHA256HashData,1
RansomwareFileAccessPattern,SourceFileName,1
RansomwareFileAccessPattern,Tags,1
RansomwareFileAccessPattern,TargetFileName,1
RansomwareFileAccessPattern,aid,1
RansomwareFileAccessPattern,aip,1
RansomwareFileAccessPattern,cid,1
RansomwareFileAccessPattern,event_platform,1
RansomwareFileAccessPattern,event_simpleName,1
RansomwareFileAccessPattern,id,1
RansomwareFileAccessPattern,name,1
RansomwareFileAccessPattern,timestamp,1
RansomwareOpenFile,BoundingLimitCount,2
RansomwareOpenFile,BoundingLimitDuration,2
RansomwareOpenFile,ConfigBuild,2
RansomwareOpenFile,ConfigStateHash,2
RansomwareOpenFile,ContextProcessId,2
RansomwareOpenFile,ContextThreadId,2
RansomwareOpenFile,ContextTimeStamp,2
RansomwareOpenFile,DesiredAccess,2
RansomwareOpenFile,EffectiveTransmissionClass,2
RansomwareOpenFile,Entitlements,2
RansomwareOpenFile,EventOrigin,2
RansomwareOpenFile,FileAttributes,2
RansomwareOpenFile,FileIdentifier,2
RansomwareOpenFile,FileObject,2
RansomwareOpenFile,Information,2
RansomwareOpenFile,IrpFlags,2
RansomwareOpenFile,MajorFunction,2
RansomwareOpenFile,MinorFunction,2
RansomwareOpenFile,OperationFlags,2
RansomwareOpenFile,Options,2
RansomwareOpenFile,ShareAccess,2
RansomwareOpenFile,Status,2
RansomwareOpenFile,TargetFileName,2
RansomwareOpenFile,aid,2
RansomwareOpenFile,aip,2
RansomwareOpenFile,cid,2
RansomwareOpenFile,event_platform,2
RansomwareOpenFile,event_simpleName,2
RansomwareOpenFile,id,2
RansomwareOpenFile,name,2
RansomwareOpenFile,timestamp,2
RawBindIP4,ConfigBuild,2
RawBindIP4,ConfigStateHash,2
RawBindIP4,ConnectionDirection,2
RawBindIP4,ConnectionFlags,2
RawBindIP4,ContextProcessId,2
RawBindIP4,ContextTimeStamp,2
RawBindIP4,EffectiveTransmissionClass,2
RawBindIP4,Entitlements,2
RawBindIP4,EventOrigin,2
RawBindIP4,InContext,2
RawBindIP4,LocalAddressIP4,2
RawBindIP4,LocalPort,2
RawBindIP4,Protocol,2
RawBindIP4,RemoteAddressIP4,2
RawBindIP4,RemotePort,2
RawBindIP4,aid,2
RawBindIP4,aip,2
RawBindIP4,cid,2
RawBindIP4,event_platform,2
RawBindIP4,event_simpleName,2
RawBindIP4,id,2
RawBindIP4,name,2
RawBindIP4,timestamp,2
RawBindIP6,ConfigBuild,2
RawBindIP6,ConfigStateHash,2
RawBindIP6,ConnectionDirection,2
RawBindIP6,ConnectionFlags,2
RawBindIP6,ContextProcessId,2
RawBindIP6,ContextTimeStamp,2
RawBindIP6,EffectiveTransmissionClass,2
RawBindIP6,Entitlements,2
RawBindIP6,EventOrigin,2
RawBindIP6,InContext,2
RawBindIP6,LocalAddressIP6,2
RawBindIP6,LocalPort,2
RawBindIP6,Protocol,2
RawBindIP6,RemoteAddressIP6,2
RawBindIP6,RemotePort,2
RawBindIP6,aid,2
RawBindIP6,aip,2
RawBindIP6,cid,2
RawBindIP6,event_platform,2
RawBindIP6,event_simpleName,2
RawBindIP6,id,2
RawBindIP6,name,2
RawBindIP6,timestamp,2
ReflectiveDllLoaded,CommandLine,1
ReflectiveDllLoaded,ComputerName,1
ReflectiveDllLoaded,ConfigBuild,1
ReflectiveDllLoaded,ConfigStateHash,1
ReflectiveDllLoaded,ContextProcessId,1
ReflectiveDllLoaded,ContextThreadId,1
ReflectiveDllLoaded,EffectiveTransmissionClass,1
ReflectiveDllLoaded,Entitlements,1
ReflectiveDllLoaded,EventOrigin,1
ReflectiveDllLoaded,ImageFileName,1
ReflectiveDllLoaded,PatternId,1
ReflectiveDllLoaded,ReflectiveDllName,1
ReflectiveDllLoaded,Tactic,1
ReflectiveDllLoaded,Technique,1
ReflectiveDllLoaded,aid,1
ReflectiveDllLoaded,aip,1
ReflectiveDllLoaded,cid,1
ReflectiveDllLoaded,event_platform,1
ReflectiveDllLoaded,event_simpleName,1
ReflectiveDllLoaded,id,1
ReflectiveDllLoaded,name,1
ReflectiveDllLoaded,timestamp,1
ReflectiveDotnetModuleLoad,AssemblyFlags,2
ReflectiveDotnetModuleLoad,AssemblyId,2
ReflectiveDotnetModuleLoad,AssemblyName,2
ReflectiveDotnetModuleLoad,Attacks,2
ReflectiveDotnetModuleLoad,Attacks.Tactic,2
ReflectiveDotnetModuleLoad,Attacks.Technique,2
ReflectiveDotnetModuleLoad,CommandLine,2
ReflectiveDotnetModuleLoad,ConfigBuild,2
ReflectiveDotnetModuleLoad,ConfigStateHash,2
ReflectiveDotnetModuleLoad,ContextProcessId,2
ReflectiveDotnetModuleLoad,ContextTimeStamp,2
ReflectiveDotnetModuleLoad,DotnetModuleFlags,2
ReflectiveDotnetModuleLoad,DotnetModuleId,2
ReflectiveDotnetModuleLoad,EffectiveTransmissionClass,2
ReflectiveDotnetModuleLoad,Entitlements,2
ReflectiveDotnetModuleLoad,EtwProviderType,2
ReflectiveDotnetModuleLoad,EventOrigin,2
ReflectiveDotnetModuleLoad,ImageFileName,2
ReflectiveDotnetModuleLoad,LocalAddressIP4,2
ReflectiveDotnetModuleLoad,ManagedPdbBuildPath,2
ReflectiveDotnetModuleLoad,ModuleILPath,2
ReflectiveDotnetModuleLoad,ModuleNativePath,2
ReflectiveDotnetModuleLoad,NativePdbBuildPath,2
ReflectiveDotnetModuleLoad,aid,2
ReflectiveDotnetModuleLoad,aip,2
ReflectiveDotnetModuleLoad,cid,2
ReflectiveDotnetModuleLoad,event_platform,2
ReflectiveDotnetModuleLoad,event_simpleName,2
ReflectiveDotnetModuleLoad,id,2
ReflectiveDotnetModuleLoad,name,2
ReflectiveDotnetModuleLoad,timestamp,2
RegCrowdstrikeValueUpdate,AuthenticationId,1
RegCrowdstrikeValueUpdate,ComputerName,1
RegCrowdstrikeValueUpdate,ConfigBuild,1
RegCrowdstrikeValueUpdate,ConfigStateHash,1
RegCrowdstrikeValueUpdate,ContextProcessId,1
RegCrowdstrikeValueUpdate,ContextThreadId,1
RegCrowdstrikeValueUpdate,ContextTimeStamp,1
RegCrowdstrikeValueUpdate,EffectiveTransmissionClass,1
RegCrowdstrikeValueUpdate,Entitlements,1
RegCrowdstrikeValueUpdate,EventOrigin,1
RegCrowdstrikeValueUpdate,LocalAddressIP4,1
RegCrowdstrikeValueUpdate,RegClassification,1
RegCrowdstrikeValueUpdate,RegClassificationFlags,1
RegCrowdstrikeValueUpdate,RegClassificationIndex,1
RegCrowdstrikeValueUpdate,RegObjectName,1
RegCrowdstrikeValueUpdate,RegOperationType,1
RegCrowdstrikeValueUpdate,RegStringValue,1
RegCrowdstrikeValueUpdate,RegType,1
RegCrowdstrikeValueUpdate,RegValueName,1
RegCrowdstrikeValueUpdate,TokenType,1
RegCrowdstrikeValueUpdate,aid,1
RegCrowdstrikeValueUpdate,aip,1
RegCrowdstrikeValueUpdate,cid,1
RegCrowdstrikeValueUpdate,event_platform,1
RegCrowdstrikeValueUpdate,event_simpleName,1
RegCrowdstrikeValueUpdate,id,1
RegCrowdstrikeValueUpdate,name,1
RegCrowdstrikeValueUpdate,timestamp,1
RegGenericKeyUpdate,AuthenticationId,1
RegGenericKeyUpdate,ComputerName,1
RegGenericKeyUpdate,ConfigBuild,1
RegGenericKeyUpdate,ConfigStateHash,1
RegGenericKeyUpdate,ContextProcessId,1
RegGenericKeyUpdate,ContextThreadId,1
RegGenericKeyUpdate,ContextTimeStamp,1
RegGenericKeyUpdate,EffectiveTransmissionClass,1
RegGenericKeyUpdate,Entitlements,1
RegGenericKeyUpdate,EventOrigin,1
RegGenericKeyUpdate,RegClassification,1
RegGenericKeyUpdate,RegClassificationFlags,1
RegGenericKeyUpdate,RegClassificationIndex,1
RegGenericKeyUpdate,RegKeyName,1
RegGenericKeyUpdate,RegObjectName,1
RegGenericKeyUpdate,RegOperationType,1
RegGenericKeyUpdate,TokenType,1
RegGenericKeyUpdate,UserName,1
RegGenericKeyUpdate,aid,1
RegGenericKeyUpdate,aip,1
RegGenericKeyUpdate,cid,1
RegGenericKeyUpdate,event_platform,1
RegGenericKeyUpdate,event_simpleName,1
RegGenericKeyUpdate,id,1
RegGenericKeyUpdate,name,1
RegGenericKeyUpdate,timestamp,1
RegGenericValueUpdate,AuthenticationId,1
RegGenericValueUpdate,ConfigBuild,1
RegGenericValueUpdate,ConfigStateHash,1
RegGenericValueUpdate,ContextProcessId,1
RegGenericValueUpdate,ContextThreadId,1
RegGenericValueUpdate,ContextTimeStamp,1
RegGenericValueUpdate,EffectiveTransmissionClass,1
RegGenericValueUpdate,Entitlements,1
RegGenericValueUpdate,EventOrigin,1
RegGenericValueUpdate,RegClassification,1
RegGenericValueUpdate,RegClassificationFlags,1
RegGenericValueUpdate,RegClassificationIndex,1
RegGenericValueUpdate,RegObjectName,1
RegGenericValueUpdate,RegOperationType,1
RegGenericValueUpdate,RegStringValue,1
RegGenericValueUpdate,RegType,1
RegGenericValueUpdate,RegValueName,1
RegGenericValueUpdate,TokenType,1
RegGenericValueUpdate,aid,1
RegGenericValueUpdate,aip,1
RegGenericValueUpdate,cid,1
RegGenericValueUpdate,event_platform,1
RegGenericValueUpdate,event_simpleName,1
RegGenericValueUpdate,id,1
RegGenericValueUpdate,name,1
RegGenericValueUpdate,timestamp,1
RegSystemConfigKeyUpdate,AuthenticationId,1
RegSystemConfigKeyUpdate,ConfigBuild,1
RegSystemConfigKeyUpdate,ConfigStateHash,1
RegSystemConfigKeyUpdate,ContextProcessId,1
RegSystemConfigKeyUpdate,ContextThreadId,1
RegSystemConfigKeyUpdate,ContextTimeStamp,1
RegSystemConfigKeyUpdate,EffectiveTransmissionClass,1
RegSystemConfigKeyUpdate,Entitlements,1
RegSystemConfigKeyUpdate,EventOrigin,1
RegSystemConfigKeyUpdate,LocalAddressIP4,1
RegSystemConfigKeyUpdate,RegClassification,1
RegSystemConfigKeyUpdate,RegClassificationFlags,1
RegSystemConfigKeyUpdate,RegClassificationIndex,1
RegSystemConfigKeyUpdate,RegObjectName,1
RegSystemConfigKeyUpdate,RegOperationType,1
RegSystemConfigKeyUpdate,TokenType,1
RegSystemConfigKeyUpdate,aid,1
RegSystemConfigKeyUpdate,aip,1
RegSystemConfigKeyUpdate,cid,1
RegSystemConfigKeyUpdate,event_platform,1
RegSystemConfigKeyUpdate,event_simpleName,1
RegSystemConfigKeyUpdate,id,1
RegSystemConfigKeyUpdate,name,1
RegSystemConfigKeyUpdate,timestamp,1
RegSystemConfigValueUpdate,AuthenticationId,2
RegSystemConfigValueUpdate,ConfigBuild,2
RegSystemConfigValueUpdate,ConfigStateHash,2
RegSystemConfigValueUpdate,ContextProcessId,2
RegSystemConfigValueUpdate,ContextThreadId,2
RegSystemConfigValueUpdate,ContextTimeStamp,2
RegSystemConfigValueUpdate,EffectiveTransmissionClass,2
RegSystemConfigValueUpdate,Entitlements,2
RegSystemConfigValueUpdate,EventOrigin,2
RegSystemConfigValueUpdate,RegClassification,2
RegSystemConfigValueUpdate,RegClassificationFlags,2
RegSystemConfigValueUpdate,RegClassificationIndex,2
RegSystemConfigValueUpdate,RegObjectName,2
RegSystemConfigValueUpdate,RegOperationType,2
RegSystemConfigValueUpdate,RegStringValue,2
RegSystemConfigValueUpdate,RegType,2
RegSystemConfigValueUpdate,RegValueName,2
RegSystemConfigValueUpdate,TokenType,2
RegSystemConfigValueUpdate,aid,2
RegSystemConfigValueUpdate,aip,2
RegSystemConfigValueUpdate,cid,2
RegSystemConfigValueUpdate,event_platform,2
RegSystemConfigValueUpdate,event_simpleName,2
RegSystemConfigValueUpdate,id,2
RegSystemConfigValueUpdate,name,2
RegSystemConfigValueUpdate,timestamp,2
RegisterRawInputDevicesEtw,ApiReturnValue,1
RegisterRawInputDevicesEtw,ConfigBuild,1
RegisterRawInputDevicesEtw,ConfigStateHash,1
RegisterRawInputDevicesEtw,ContextProcessId,1
RegisterRawInputDevicesEtw,ContextTimeStamp,1
RegisterRawInputDevicesEtw,EffectiveTransmissionClass,1
RegisterRawInputDevicesEtw,Entitlements,1
RegisterRawInputDevicesEtw,EtwRawProcessId,1
RegisterRawInputDevicesEtw,EtwRawThreadId,1
RegisterRawInputDevicesEtw,aid,1
RegisterRawInputDevicesEtw,aip,1
RegisterRawInputDevicesEtw,cid,1
RegisterRawInputDevicesEtw,event_platform,1
RegisterRawInputDevicesEtw,event_simpleName,1
RegisterRawInputDevicesEtw,id,1
RegisterRawInputDevicesEtw,name,1
RegisterRawInputDevicesEtw,timestamp,1
RegistryOperationDetectInfo,CommandLine,1
RegistryOperationDetectInfo,ConfigBuild,1
RegistryOperationDetectInfo,ConfigStateHash,1
RegistryOperationDetectInfo,ContextProcessId,1
RegistryOperationDetectInfo,EffectiveTransmissionClass,1
RegistryOperationDetectInfo,Entitlements,1
RegistryOperationDetectInfo,EventOrigin,1
RegistryOperationDetectInfo,ImageFileName,1
RegistryOperationDetectInfo,PatternId,1
RegistryOperationDetectInfo,RegClassification,1
RegistryOperationDetectInfo,RegClassificationFlags,1
RegistryOperationDetectInfo,RegClassificationIndex,1
RegistryOperationDetectInfo,RegObjectName,1
RegistryOperationDetectInfo,RegOperationType,1
RegistryOperationDetectInfo,RegValueName,1
RegistryOperationDetectInfo,TemplateDisposition,1
RegistryOperationDetectInfo,TemplateInstanceId,1
RegistryOperationDetectInfo,aid,1
RegistryOperationDetectInfo,aip,1
RegistryOperationDetectInfo,cid,1
RegistryOperationDetectInfo,event_platform,1
RegistryOperationDetectInfo,event_simpleName,1
RegistryOperationDetectInfo,id,1
RegistryOperationDetectInfo,name,1
RegistryOperationDetectInfo,timestamp,1
RemoteBruteForceDetectInfo,CommandLine,1
RemoteBruteForceDetectInfo,ConfigBuild,1
RemoteBruteForceDetectInfo,ConfigStateHash,1
RemoteBruteForceDetectInfo,ContextProcessId,1
RemoteBruteForceDetectInfo,EffectiveTransmissionClass,1
RemoteBruteForceDetectInfo,Entitlements,1
RemoteBruteForceDetectInfo,EventOrigin,1
RemoteBruteForceDetectInfo,ImageFileName,1
RemoteBruteForceDetectInfo,LogonDomain,1
RemoteBruteForceDetectInfo,LogonType,1
RemoteBruteForceDetectInfo,PatternId,1
RemoteBruteForceDetectInfo,TotalCount,1
RemoteBruteForceDetectInfo,UserName,1
RemoteBruteForceDetectInfo,aid,1
RemoteBruteForceDetectInfo,aip,1
RemoteBruteForceDetectInfo,cid,1
RemoteBruteForceDetectInfo,event_platform,1
RemoteBruteForceDetectInfo,event_simpleName,1
RemoteBruteForceDetectInfo,id,1
RemoteBruteForceDetectInfo,name,1
RemoteBruteForceDetectInfo,timestamp,1
RemoteThreadCreate,ComputerName,1
RemoteThreadCreate,ConfigBuild,1
RemoteThreadCreate,ConfigStateHash,1
RemoteThreadCreate,ContextProcessId,1
RemoteThreadCreate,ContextTimeStamp,1
RemoteThreadCreate,EffectiveTransmissionClass,1
RemoteThreadCreate,Entitlements,1
RemoteThreadCreate,EventOrigin,1
RemoteThreadCreate,TargetProcessId,1
RemoteThreadCreate,aid,1
RemoteThreadCreate,aip,1
RemoteThreadCreate,cid,1
RemoteThreadCreate,event_platform,1
RemoteThreadCreate,event_simpleName,1
RemoteThreadCreate,id,1
RemoteThreadCreate,name,1
RemoteThreadCreate,timestamp,1
RemovableMediaVolumeMounted,ConfigBuild,1
RemovableMediaVolumeMounted,ConfigStateHash,1
RemovableMediaVolumeMounted,ContextProcessId,1
RemovableMediaVolumeMounted,ContextThreadId,1
RemovableMediaVolumeMounted,ContextTimeStamp,1
RemovableMediaVolumeMounted,DiskParentDeviceInstanceId,1
RemovableMediaVolumeMounted,EffectiveTransmissionClass,1
RemovableMediaVolumeMounted,Entitlements,1
RemovableMediaVolumeMounted,IsOnRemovableDisk,1
RemovableMediaVolumeMounted,VolumeDeviceCharacteristics,1
RemovableMediaVolumeMounted,VolumeDeviceObjectFlags,1
RemovableMediaVolumeMounted,VolumeDeviceType,1
RemovableMediaVolumeMounted,VolumeDriveLetter,1
RemovableMediaVolumeMounted,VolumeEncryptionStatus,1
RemovableMediaVolumeMounted,VolumeFileSystemDevice,1
RemovableMediaVolumeMounted,VolumeFileSystemDriver,1
RemovableMediaVolumeMounted,VolumeFileSystemType,1
RemovableMediaVolumeMounted,VolumeIsEncrypted,1
RemovableMediaVolumeMounted,VolumeMountPoint,1
RemovableMediaVolumeMounted,VolumeName,1
RemovableMediaVolumeMounted,VolumeRealDeviceName,1
RemovableMediaVolumeMounted,VolumeSectorSize,1
RemovableMediaVolumeMounted,VolumeSessionUUID,1
RemovableMediaVolumeMounted,aid,1
RemovableMediaVolumeMounted,aip,1
RemovableMediaVolumeMounted,cid,1
RemovableMediaVolumeMounted,event_platform,1
RemovableMediaVolumeMounted,event_simpleName,1
RemovableMediaVolumeMounted,id,1
RemovableMediaVolumeMounted,name,1
RemovableMediaVolumeMounted,timestamp,1
ResourceUtilization,AvailableDiskSpace,1
ResourceUtilization,AverageCpuUsage,1
ResourceUtilization,AverageUsedRam,1
ResourceUtilization,ConfigBuild,1
ResourceUtilization,ConfigStateHash,1
ResourceUtilization,ContextTimeStamp,1
ResourceUtilization,EffectiveTransmissionClass,1
ResourceUtilization,Entitlements,1
ResourceUtilization,EventOrigin,1
ResourceUtilization,LocalAddressIP4,1
ResourceUtilization,MaxCpuUsage,1
ResourceUtilization,MaxUsedRam,1
ResourceUtilization,UsedDiskSpace,1
ResourceUtilization,UserName,1
ResourceUtilization,UserPrincipal,1
ResourceUtilization,aid,1
ResourceUtilization,aip,1
ResourceUtilization,cid,1
ResourceUtilization,event_platform,1
ResourceUtilization,event_simpleName,1
ResourceUtilization,id,1
ResourceUtilization,name,1
ResourceUtilization,timestamp,1
RtfFileWritten,AuthenticationId,1
RtfFileWritten,BoundingLimitCount,1
RtfFileWritten,BoundingLimitDuration,1
RtfFileWritten,ConfigBuild,1
RtfFileWritten,ConfigStateHash,1
RtfFileWritten,ContextBaseFileName,1
RtfFileWritten,ContextProcessId,1
RtfFileWritten,ContextThreadId,1
RtfFileWritten,ContextTimeStamp,1
RtfFileWritten,DiskParentDeviceInstanceId,1
RtfFileWritten,EffectiveTransmissionClass,1
RtfFileWritten,Entitlements,1
RtfFileWritten,EventOrigin,1
RtfFileWritten,FileCategory,1
RtfFileWritten,FileEcpBitmask,1
RtfFileWritten,FileIdentifier,1
RtfFileWritten,FileObject,1
RtfFileWritten,FileOperatorSid,1
RtfFileWritten,FileWrittenFlags,1
RtfFileWritten,IrpFlags,1
RtfFileWritten,IsOnNetwork,1
RtfFileWritten,IsOnRemovableDisk,1
RtfFileWritten,MajorFunction,1
RtfFileWritten,MinorFunction,1
RtfFileWritten,OperationFlags,1
RtfFileWritten,Size,1
RtfFileWritten,TargetFileName,1
RtfFileWritten,TokenType,1
RtfFileWritten,UserName,1
RtfFileWritten,aid,1
RtfFileWritten,aip,1
RtfFileWritten,cid,1
RtfFileWritten,event_platform,1
RtfFileWritten,event_simpleName,1
RtfFileWritten,id,1
RtfFileWritten,name,1
RtfFileWritten,timestamp,1
SAMHashDumpFromUnsignedModule,Certificate,1
SAMHashDumpFromUnsignedModule,ConfigBuild,1
SAMHashDumpFromUnsignedModule,ConfigStateHash,1
SAMHashDumpFromUnsignedModule,ContextProcessId,1
SAMHashDumpFromUnsignedModule,ContextThreadId,1
SAMHashDumpFromUnsignedModule,ContextTimeStamp,1
SAMHashDumpFromUnsignedModule,DesiredAccess,1
SAMHashDumpFromUnsignedModule,EffectiveTransmissionClass,1
SAMHashDumpFromUnsignedModule,Entitlements,1
SAMHashDumpFromUnsignedModule,EventOrigin,1
SAMHashDumpFromUnsignedModule,ExtendedKeyUsages,1
SAMHashDumpFromUnsignedModule,FileSigningTime,1
SAMHashDumpFromUnsignedModule,ImageFileName,1
SAMHashDumpFromUnsignedModule,KeyObject,1
SAMHashDumpFromUnsignedModule,PublicKeys,1
SAMHashDumpFromUnsignedModule,RegCreateDisposition,1
SAMHashDumpFromUnsignedModule,RegCreateOptions,1
SAMHashDumpFromUnsignedModule,RegKeyName,1
SAMHashDumpFromUnsignedModule,RegPostObjectName,1
SAMHashDumpFromUnsignedModule,RegRootObjectName,1
SAMHashDumpFromUnsignedModule,SHA256HashData,1
SAMHashDumpFromUnsignedModule,SignInfoFlags,1
SAMHashDumpFromUnsignedModule,Status,1
SAMHashDumpFromUnsignedModule,aid,1
SAMHashDumpFromUnsignedModule,aip,1
SAMHashDumpFromUnsignedModule,cid,1
SAMHashDumpFromUnsignedModule,event_platform,1
SAMHashDumpFromUnsignedModule,event_simpleName,1
SAMHashDumpFromUnsignedModule,id,1
SAMHashDumpFromUnsignedModule,name,1
SAMHashDumpFromUnsignedModule,timestamp,1
ScheduledTaskDeleted,AuthenticationId,1
ScheduledTaskDeleted,ConfigBuild,1
ScheduledTaskDeleted,ConfigStateHash,1
ScheduledTaskDeleted,ContextProcessId,1
ScheduledTaskDeleted,ContextTimeStamp,1
ScheduledTaskDeleted,EffectiveTransmissionClass,1
ScheduledTaskDeleted,Entitlements,1
ScheduledTaskDeleted,EventOrigin,1
ScheduledTaskDeleted,InterfaceGuid,1
ScheduledTaskDeleted,InterfaceVersion,1
ScheduledTaskDeleted,RpcClientProcessId,1
ScheduledTaskDeleted,RpcClientThreadId,1
ScheduledTaskDeleted,RpcNestingLevel,1
ScheduledTaskDeleted,RpcOpNum,1
ScheduledTaskDeleted,TaskName,1
ScheduledTaskDeleted,TokenType,1
ScheduledTaskDeleted,UserName,1
ScheduledTaskDeleted,aid,1
ScheduledTaskDeleted,aip,1
ScheduledTaskDeleted,cid,1
ScheduledTaskDeleted,event_platform,1
ScheduledTaskDeleted,event_simpleName,1
ScheduledTaskDeleted,id,1
ScheduledTaskDeleted,name,1
ScheduledTaskDeleted,timestamp,1
ScheduledTaskModified,AuthenticationId,1
ScheduledTaskModified,ConfigBuild,1
ScheduledTaskModified,ConfigStateHash,1
ScheduledTaskModified,ContextProcessId,1
ScheduledTaskModified,ContextTimeStamp,1
ScheduledTaskModified,EffectiveTransmissionClass,1
ScheduledTaskModified,Entitlements,1
ScheduledTaskModified,EventOrigin,1
ScheduledTaskModified,InterfaceGuid,1
ScheduledTaskModified,InterfaceVersion,1
ScheduledTaskModified,RpcClientProcessId,1
ScheduledTaskModified,RpcClientThreadId,1
ScheduledTaskModified,RpcNestingLevel,1
ScheduledTaskModified,RpcOpNum,1
ScheduledTaskModified,TaskAuthor,1
ScheduledTaskModified,TaskExecArguments,1
ScheduledTaskModified,TaskExecCommand,1
ScheduledTaskModified,TaskName,1
ScheduledTaskModified,TaskXml,1
ScheduledTaskModified,TokenType,1
ScheduledTaskModified,UserName,1
ScheduledTaskModified,aid,1
ScheduledTaskModified,aip,1
ScheduledTaskModified,cid,1
ScheduledTaskModified,event_platform,1
ScheduledTaskModified,event_simpleName,1
ScheduledTaskModified,id,1
ScheduledTaskModified,name,1
ScheduledTaskModified,timestamp,1
ScheduledTaskRegistered,AuthenticationId,1
ScheduledTaskRegistered,ConfigBuild,1
ScheduledTaskRegistered,ConfigStateHash,1
ScheduledTaskRegistered,ContextProcessId,1
ScheduledTaskRegistered,ContextTimeStamp,1
ScheduledTaskRegistered,EffectiveTransmissionClass,1
ScheduledTaskRegistered,Entitlements,1
ScheduledTaskRegistered,EventOrigin,1
ScheduledTaskRegistered,InterfaceGuid,1
ScheduledTaskRegistered,InterfaceVersion,1
ScheduledTaskRegistered,RpcClientProcessId,1
ScheduledTaskRegistered,RpcClientThreadId,1
ScheduledTaskRegistered,RpcNestingLevel,1
ScheduledTaskRegistered,RpcOpNum,1
ScheduledTaskRegistered,TaskAuthor,1
ScheduledTaskRegistered,TaskExecArguments,1
ScheduledTaskRegistered,TaskExecCommand,1
ScheduledTaskRegistered,TaskName,1
ScheduledTaskRegistered,TaskXml,1
ScheduledTaskRegistered,TokenType,1
ScheduledTaskRegistered,UserName,1
ScheduledTaskRegistered,aid,1
ScheduledTaskRegistered,aip,1
ScheduledTaskRegistered,cid,1
ScheduledTaskRegistered,event_platform,1
ScheduledTaskRegistered,event_simpleName,1
ScheduledTaskRegistered,id,1
ScheduledTaskRegistered,name,1
ScheduledTaskRegistered,timestamp,1
ScreenshotTakenEtw,CommandLine,1
ScreenshotTakenEtw,ConfigBuild,1
ScreenshotTakenEtw,ConfigStateHash,1
ScreenshotTakenEtw,ContextProcessId,1
ScreenshotTakenEtw,ContextTimeStamp,1
ScreenshotTakenEtw,EffectiveTransmissionClass,1
ScreenshotTakenEtw,Entitlements,1
ScreenshotTakenEtw,EventOrigin,1
ScreenshotTakenEtw,ImageFileName,1
ScreenshotTakenEtw,PerformanceCounter,1
ScreenshotTakenEtw,ProcessStartKey,1
ScreenshotTakenEtw,RawProcessId,1
ScreenshotTakenEtw,RawThreadId,1
ScreenshotTakenEtw,ScreenshotType,1
ScreenshotTakenEtw,UserName,1
ScreenshotTakenEtw,aid,1
ScreenshotTakenEtw,aip,1
ScreenshotTakenEtw,cid,1
ScreenshotTakenEtw,event_platform,1
ScreenshotTakenEtw,event_simpleName,1
ScreenshotTakenEtw,id,1
ScreenshotTakenEtw,name,1
ScreenshotTakenEtw,timestamp,1
ScriptControlDetectInvalidInfo,CommandLine,1
ScriptControlDetectInvalidInfo,ConfigBuild,1
ScriptControlDetectInvalidInfo,ConfigStateHash,1
ScriptControlDetectInvalidInfo,ContextProcessId,1
ScriptControlDetectInvalidInfo,EffectiveTransmissionClass,1
ScriptControlDetectInvalidInfo,Entitlements,1
ScriptControlDetectInvalidInfo,EventOrigin,1
ScriptControlDetectInvalidInfo,ImageFileName,1
ScriptControlDetectInvalidInfo,LocalAddressIP4,1
ScriptControlDetectInvalidInfo,OriginalContentLength,1
ScriptControlDetectInvalidInfo,OriginalScriptContent,1
ScriptControlDetectInvalidInfo,ScriptContentName,1
ScriptControlDetectInvalidInfo,ScriptInterpreter,1
ScriptControlDetectInvalidInfo,UserName,1
ScriptControlDetectInvalidInfo,UserPrincipal,1
ScriptControlDetectInvalidInfo,aid,1
ScriptControlDetectInvalidInfo,aip,1
ScriptControlDetectInvalidInfo,cid,1
ScriptControlDetectInvalidInfo,event_platform,1
ScriptControlDetectInvalidInfo,event_simpleName,1
ScriptControlDetectInvalidInfo,id,1
ScriptControlDetectInvalidInfo,name,1
ScriptControlDetectInvalidInfo,timestamp,1
ScriptControlErrorEvent,ConfigBuild,1
ScriptControlErrorEvent,ConfigStateHash,1
ScriptControlErrorEvent,ContextProcessId,1
ScriptControlErrorEvent,ContextThreadId,1
ScriptControlErrorEvent,ContextTimeStamp,1
ScriptControlErrorEvent,EffectiveTransmissionClass,1
ScriptControlErrorEvent,Entitlements,1
ScriptControlErrorEvent,EventOrigin,1
ScriptControlErrorEvent,Parameter64_1,1
ScriptControlErrorEvent,Parameter64_2,1
ScriptControlErrorEvent,Parameter64_3,1
ScriptControlErrorEvent,ScriptControlErrorCode,1
ScriptControlErrorEvent,aid,1
ScriptControlErrorEvent,aip,1
ScriptControlErrorEvent,cid,1
ScriptControlErrorEvent,event_platform,1
ScriptControlErrorEvent,event_simpleName,1
ScriptControlErrorEvent,id,1
ScriptControlErrorEvent,name,1
ScriptControlErrorEvent,timestamp,1
ScriptControlScanInfo,ConfigBuild,1
ScriptControlScanInfo,ConfigStateHash,1
ScriptControlScanInfo,ContentSHA256HashData,1
ScriptControlScanInfo,ContextProcessId,1
ScriptControlScanInfo,EffectiveTransmissionClass,1
ScriptControlScanInfo,Entitlements,1
ScriptControlScanInfo,EventOrigin,1
ScriptControlScanInfo,OriginalContentLength,1
ScriptControlScanInfo,ScriptContent,1
ScriptControlScanInfo,ScriptContentName,1
ScriptControlScanInfo,aid,1
ScriptControlScanInfo,aip,1
ScriptControlScanInfo,cid,1
ScriptControlScanInfo,event_platform,1
ScriptControlScanInfo,event_simpleName,1
ScriptControlScanInfo,id,1
ScriptControlScanInfo,name,1
ScriptControlScanInfo,timestamp,1
ScriptControlScanTelemetry,CommandLine,1
ScriptControlScanTelemetry,ConfigBuild,1
ScriptControlScanTelemetry,ConfigStateHash,1
ScriptControlScanTelemetry,ContentSHA256HashData,1
ScriptControlScanTelemetry,ContextProcessId,1
ScriptControlScanTelemetry,ContextThreadId,1
ScriptControlScanTelemetry,ContextTimeStamp,1
ScriptControlScanTelemetry,EffectiveTransmissionClass,1
ScriptControlScanTelemetry,Entitlements,1
ScriptControlScanTelemetry,EventOrigin,1
ScriptControlScanTelemetry,GrandparentCommandLine,1
ScriptControlScanTelemetry,GrandparentImageFileName,1
ScriptControlScanTelemetry,HostProcessType,1
ScriptControlScanTelemetry,ImageFileName,1
ScriptControlScanTelemetry,OriginalContentLength,1
ScriptControlScanTelemetry,ParentCommandLine,1
ScriptControlScanTelemetry,ParentImageFileName,1
ScriptControlScanTelemetry,ScriptContent,1
ScriptControlScanTelemetry,ScriptContentName,1
ScriptControlScanTelemetry,ScriptingLanguageId,1
ScriptControlScanTelemetry,aid,1
ScriptControlScanTelemetry,aip,1
ScriptControlScanTelemetry,cid,1
ScriptControlScanTelemetry,event_platform,1
ScriptControlScanTelemetry,event_simpleName,1
ScriptControlScanTelemetry,id,1
ScriptControlScanTelemetry,name,1
ScriptControlScanTelemetry,timestamp,1
SensitiveWmiQuery,ClientComputerName,1
SensitiveWmiQuery,ConfigBuild,1
SensitiveWmiQuery,ConfigStateHash,1
SensitiveWmiQuery,ContextProcessId,1
SensitiveWmiQuery,EffectiveTransmissionClass,1
SensitiveWmiQuery,Entitlements,1
SensitiveWmiQuery,EventOrigin,1
SensitiveWmiQuery,UserName,1
SensitiveWmiQuery,WmiNamespaceName,1
SensitiveWmiQuery,WmiQuery,1
SensitiveWmiQuery,aid,1
SensitiveWmiQuery,aip,1
SensitiveWmiQuery,cid,1
SensitiveWmiQuery,event_platform,1
SensitiveWmiQuery,event_simpleName,1
SensitiveWmiQuery,id,1
SensitiveWmiQuery,name,1
SensitiveWmiQuery,timestamp,1
SensorAntiTamperState,AntiTamperStateFlag,1
SensorAntiTamperState,ComputerName,1
SensorAntiTamperState,ConfigBuild,1
SensorAntiTamperState,ConfigStateHash,1
SensorAntiTamperState,EffectiveTransmissionClass,1
SensorAntiTamperState,Entitlements,1
SensorAntiTamperState,EventOrigin,1
SensorAntiTamperState,aid,1
SensorAntiTamperState,event_platform,1
SensorAntiTamperState,event_simpleName,1
SensorAntiTamperState,id,1
SensorAntiTamperState,name,1
SensorAntiTamperState,timestamp,1
SensorHeartbeat,ConfigBuild,2
SensorHeartbeat,ConfigIDBase,2
SensorHeartbeat,ConfigIDBuild,2
SensorHeartbeat,ConfigIDPlatform,2
SensorHeartbeat,ConfigStateHash,2
SensorHeartbeat,ConfigurationVersion,2
SensorHeartbeat,EffectiveTransmissionClass,2
SensorHeartbeat,Entitlements,2
SensorHeartbeat,NetworkContainmentState,2
SensorHeartbeat,ProvisionState,2
SensorHeartbeat,SensorStateBitMap,2
SensorHeartbeat,aid,2
SensorHeartbeat,aip,2
SensorHeartbeat,cid,2
SensorHeartbeat,event_platform,2
SensorHeartbeat,event_simpleName,2
SensorHeartbeat,id,2
SensorHeartbeat,name,2
SensorHeartbeat,timestamp,2
SensorSelfDiagnosticTelemetry,ComputerName,1
SensorSelfDiagnosticTelemetry,ConfigBuild,1
SensorSelfDiagnosticTelemetry,ConfigStateHash,1
SensorSelfDiagnosticTelemetry,ContextTimeStamp,1
SensorSelfDiagnosticTelemetry,DiagnosticResultContext,1
SensorSelfDiagnosticTelemetry,DiagnosticRunId,1
SensorSelfDiagnosticTelemetry,DiagnosticRunType,1
SensorSelfDiagnosticTelemetry,DiagnosticTriggerContext,1
SensorSelfDiagnosticTelemetry,EffectiveTransmissionClass,1
SensorSelfDiagnosticTelemetry,Entitlements,1
SensorSelfDiagnosticTelemetry,EventOrigin,1
SensorSelfDiagnosticTelemetry,LocalAddressIP4,1
SensorSelfDiagnosticTelemetry,MigoTemplateId,1
SensorSelfDiagnosticTelemetry,MigoTemplateInstanceId,1
SensorSelfDiagnosticTelemetry,MigoTemplateInstanceVersion,1
SensorSelfDiagnosticTelemetry,aid,1
SensorSelfDiagnosticTelemetry,aip,1
SensorSelfDiagnosticTelemetry,cid,1
SensorSelfDiagnosticTelemetry,event_platform,1
SensorSelfDiagnosticTelemetry,event_simpleName,1
SensorSelfDiagnosticTelemetry,id,1
SensorSelfDiagnosticTelemetry,name,1
SensorSelfDiagnosticTelemetry,timestamp,1
SensorSettingsUpdate,ComputerName,2
SensorSettingsUpdate,ConfigBuild,2
SensorSettingsUpdate,ConfigStateHash,2
SensorSettingsUpdate,EffectiveTransmissionClass,2
SensorSettingsUpdate,Entitlements,2
SensorSettingsUpdate,EventOrigin,2
SensorSettingsUpdate,Flags,2
SensorSettingsUpdate,LocalAddressIP4,2
SensorSettingsUpdate,RTRState,2
SensorSettingsUpdate,UserName,2
SensorSettingsUpdate,UserPrincipal,2
SensorSettingsUpdate,aid,2
SensorSettingsUpdate,aip,2
SensorSettingsUpdate,cid,2
SensorSettingsUpdate,event_platform,2
SensorSettingsUpdate,event_simpleName,2
SensorSettingsUpdate,id,2
SensorSettingsUpdate,name,2
SensorSettingsUpdate,timestamp,2
SensorTampering,ActionBlocked,1
SensorTampering,ComputerName,1
SensorTampering,ConfigBuild,1
SensorTampering,ConfigStateHash,1
SensorTampering,ContextTimeStamp,1
SensorTampering,EffectiveTransmissionClass,1
SensorTampering,Entitlements,1
SensorTampering,EventOrigin,1
SensorTampering,LocalAddressIP4,1
SensorTampering,ResourceName,1
SensorTampering,SourceCommandLine,1
SensorTampering,SourceImageFileName,1
SensorTampering,SourceProcessId,1
SensorTampering,TamperingAction,1
SensorTampering,TargetProcessId,1
SensorTampering,aid,1
SensorTampering,aip,1
SensorTampering,cid,1
SensorTampering,event_platform,1
SensorTampering,event_simpleName,1
SensorTampering,id,1
SensorTampering,name,1
SensorTampering,timestamp,1
ServiceStarted,AuthenticationId,3
ServiceStarted,CommandLine,3
ServiceStarted,ComputerName,3
ServiceStarted,ConfigBuild,3
ServiceStarted,ConfigStateHash,3
ServiceStarted,ContextTimeStamp,3
ServiceStarted,EffectiveTransmissionClass,3
ServiceStarted,Entitlements,3
ServiceStarted,EventOrigin,3
ServiceStarted,ImageFileName,3
ServiceStarted,InterfaceGuid,3
ServiceStarted,InterfaceVersion,3
ServiceStarted,LocalAddressIP4,3
ServiceStarted,RpcClientProcessId,3
ServiceStarted,RpcClientThreadId,3
ServiceStarted,RpcNestingLevel,3
ServiceStarted,RpcOpNum,3
ServiceStarted,ServiceDisplayName,3
ServiceStarted,TargetProcessId,3
ServiceStarted,TokenType,3
ServiceStarted,UserName,3
ServiceStarted,aid,3
ServiceStarted,aip,3
ServiceStarted,cid,3
ServiceStarted,event_platform,3
ServiceStarted,event_simpleName,3
ServiceStarted,id,3
ServiceStarted,name,3
ServiceStarted,timestamp,3
ServiceStopped,ClientProcessStartKey,1
ServiceStopped,CommandLine,1
ServiceStopped,ComputerName,1
ServiceStopped,ConfigBuild,1
ServiceStopped,ConfigStateHash,1
ServiceStopped,ContextTimeStamp,1
ServiceStopped,EffectiveTransmissionClass,1
ServiceStopped,Entitlements,1
ServiceStopped,EtwRawProcessId,1
ServiceStopped,EtwRawRpcClientProcessId,1
ServiceStopped,EventOrigin,1
ServiceStopped,ImageFileName,1
ServiceStopped,IsHosted,1
ServiceStopped,ServiceDisplayName,1
ServiceStopped,SourceProcessId,1
ServiceStopped,TargetProcessId,1
ServiceStopped,aid,1
ServiceStopped,event_platform,1
ServiceStopped,event_simpleName,1
ServiceStopped,id,1
ServiceStopped,name,1
ServiceStopped,timestamp,1
ServicesStatusInfo,ComputerName,2
ServicesStatusInfo,ConfigBuild,2
ServicesStatusInfo,ConfigStateHash,2
ServicesStatusInfo,EffectiveTransmissionClass,2
ServicesStatusInfo,Entitlements,2
ServicesStatusInfo,ErrorCode,2
ServicesStatusInfo,EventOrigin,2
ServicesStatusInfo,LocalAddressIP4,2
ServicesStatusInfo,ServiceCurrentState,2
ServicesStatusInfo,ServiceDisplayName,2
ServicesStatusInfo,aid,2
ServicesStatusInfo,aip,2
ServicesStatusInfo,cid,2
ServicesStatusInfo,event_platform,2
ServicesStatusInfo,event_simpleName,2
ServicesStatusInfo,id,2
ServicesStatusInfo,name,2
ServicesStatusInfo,timestamp,2
SevenZipFileWritten,AuthenticationId,1
SevenZipFileWritten,ConfigBuild,1
SevenZipFileWritten,ConfigStateHash,1
SevenZipFileWritten,ContextBaseFileName,1
SevenZipFileWritten,ContextProcessId,1
SevenZipFileWritten,ContextThreadId,1
SevenZipFileWritten,ContextTimeStamp,1
SevenZipFileWritten,DiskParentDeviceInstanceId,1
SevenZipFileWritten,EffectiveTransmissionClass,1
SevenZipFileWritten,Entitlements,1
SevenZipFileWritten,EventOrigin,1
SevenZipFileWritten,FileCategory,1
SevenZipFileWritten,FileEcpBitmask,1
SevenZipFileWritten,FileIdentifier,1
SevenZipFileWritten,FileObject,1
SevenZipFileWritten,FileOperatorSid,1
SevenZipFileWritten,FileWrittenFlags,1
SevenZipFileWritten,IrpFlags,1
SevenZipFileWritten,IsOnNetwork,1
SevenZipFileWritten,IsOnRemovableDisk,1
SevenZipFileWritten,MajorFunction,1
SevenZipFileWritten,MinorFunction,1
SevenZipFileWritten,OperationFlags,1
SevenZipFileWritten,Size,1
SevenZipFileWritten,TargetFileName,1
SevenZipFileWritten,TokenType,1
SevenZipFileWritten,aid,1
SevenZipFileWritten,aip,1
SevenZipFileWritten,cid,1
SevenZipFileWritten,event_platform,1
SevenZipFileWritten,event_simpleName,1
SevenZipFileWritten,id,1
SevenZipFileWritten,name,1
SevenZipFileWritten,timestamp,1
SharedObjectLoaded,CommandLine,1
SharedObjectLoaded,ComputerName,1
SharedObjectLoaded,ConfigBuild,1
SharedObjectLoaded,ConfigStateHash,1
SharedObjectLoaded,ContextProcessId,1
SharedObjectLoaded,ContextTimeStamp,1
SharedObjectLoaded,EffectiveTransmissionClass,1
SharedObjectLoaded,Entitlements,1
SharedObjectLoaded,EventOrigin,1
SharedObjectLoaded,ImageFileName,1
SharedObjectLoaded,LocalAddressIP4,1
SharedObjectLoaded,SHA256HashData,1
SharedObjectLoaded,TargetFileName,1
SharedObjectLoaded,VirtualAddress,1
SharedObjectLoaded,aid,1
SharedObjectLoaded,aip,1
SharedObjectLoaded,cid,1
SharedObjectLoaded,event_platform,1
SharedObjectLoaded,event_simpleName,1
SharedObjectLoaded,id,1
SharedObjectLoaded,name,1
SharedObjectLoaded,timestamp,1
SmbClientShareClosedEtw,ClientComputerName,1
SmbClientShareClosedEtw,ConfigBuild,1
SmbClientShareClosedEtw,ConfigStateHash,1
SmbClientShareClosedEtw,EffectiveTransmissionClass,1
SmbClientShareClosedEtw,Entitlements,1
SmbClientShareClosedEtw,EventOrigin,1
SmbClientShareClosedEtw,SmbShareName,1
SmbClientShareClosedEtw,aid,1
SmbClientShareClosedEtw,aip,1
SmbClientShareClosedEtw,cid,1
SmbClientShareClosedEtw,event_platform,1
SmbClientShareClosedEtw,event_simpleName,1
SmbClientShareClosedEtw,id,1
SmbClientShareClosedEtw,name,1
SmbClientShareClosedEtw,timestamp,1
SmbClientShareOpenedEtw,ClientComputerName,1
SmbClientShareOpenedEtw,ConfigBuild,1
SmbClientShareOpenedEtw,ConfigStateHash,1
SmbClientShareOpenedEtw,EffectiveTransmissionClass,1
SmbClientShareOpenedEtw,Entitlements,1
SmbClientShareOpenedEtw,EventOrigin,1
SmbClientShareOpenedEtw,SmbShareName,1
SmbClientShareOpenedEtw,aid,1
SmbClientShareOpenedEtw,aip,1
SmbClientShareOpenedEtw,cid,1
SmbClientShareOpenedEtw,event_platform,1
SmbClientShareOpenedEtw,event_simpleName,1
SmbClientShareOpenedEtw,id,1
SmbClientShareOpenedEtw,name,1
SmbClientShareOpenedEtw,timestamp,1
SmbServerShareOpenedEtw,ConfigBuild,2
SmbServerShareOpenedEtw,ConfigStateHash,2
SmbServerShareOpenedEtw,DomainName,2
SmbServerShareOpenedEtw,EffectiveTransmissionClass,2
SmbServerShareOpenedEtw,Entitlements,2
SmbServerShareOpenedEtw,EventOrigin,2
SmbServerShareOpenedEtw,RemoteAddressIP6,2
SmbServerShareOpenedEtw,SmbShareName,2
SmbServerShareOpenedEtw,UserName,2
SmbServerShareOpenedEtw,aid,2
SmbServerShareOpenedEtw,aip,2
SmbServerShareOpenedEtw,cid,2
SmbServerShareOpenedEtw,event_platform,2
SmbServerShareOpenedEtw,event_simpleName,2
SmbServerShareOpenedEtw,id,2
SmbServerShareOpenedEtw,name,2
SmbServerShareOpenedEtw,timestamp,2
SmbServerV1AuditEtw,ConfigBuild,1
SmbServerV1AuditEtw,ConfigStateHash,1
SmbServerV1AuditEtw,EffectiveTransmissionClass,1
SmbServerV1AuditEtw,Entitlements,1
SmbServerV1AuditEtw,EventOrigin,1
SmbServerV1AuditEtw,SmbClientName,1
SmbServerV1AuditEtw,aid,1
SmbServerV1AuditEtw,aip,1
SmbServerV1AuditEtw,cid,1
SmbServerV1AuditEtw,event_platform,1
SmbServerV1AuditEtw,event_simpleName,1
SmbServerV1AuditEtw,id,1
SmbServerV1AuditEtw,name,1
SmbServerV1AuditEtw,timestamp,1
SnapshotVolumeMounted,ConfigBuild,1
SnapshotVolumeMounted,ContextProcessId,1
SnapshotVolumeMounted,ContextThreadId,1
SnapshotVolumeMounted,ContextTimeStamp,1
SnapshotVolumeMounted,EffectiveTransmissionClass,1
SnapshotVolumeMounted,Entitlements,1
SnapshotVolumeMounted,VolumeDeviceCharacteristics,1
SnapshotVolumeMounted,VolumeDeviceObjectFlags,1
SnapshotVolumeMounted,VolumeDeviceType,1
SnapshotVolumeMounted,VolumeEncryptionStatus,1
SnapshotVolumeMounted,VolumeFileSystemDevice,1
SnapshotVolumeMounted,VolumeFileSystemDriver,1
SnapshotVolumeMounted,VolumeFileSystemType,1
SnapshotVolumeMounted,VolumeIsEncrypted,1
SnapshotVolumeMounted,VolumeLabel,1
SnapshotVolumeMounted,VolumeName,1
SnapshotVolumeMounted,VolumeRealDeviceName,1
SnapshotVolumeMounted,VolumeSectorSize,1
SnapshotVolumeMounted,VolumeSessionUUID,1
SnapshotVolumeMounted,VolumeSnapshotName,1
SnapshotVolumeMounted,VolumeSnapshotTimeStamp,1
SnapshotVolumeMounted,aid,1
SnapshotVolumeMounted,aip,1
SnapshotVolumeMounted,cid,1
SnapshotVolumeMounted,event_platform,1
SnapshotVolumeMounted,event_simpleName,1
SnapshotVolumeMounted,id,1
SnapshotVolumeMounted,name,1
SnapshotVolumeMounted,timestamp,1
SuspiciousCreateSymbolicLink,CommandLine,1
SuspiciousCreateSymbolicLink,ConfigBuild,1
SuspiciousCreateSymbolicLink,ConfigStateHash,1
SuspiciousCreateSymbolicLink,ContextProcessId,1
SuspiciousCreateSymbolicLink,ContextTimeStamp,1
SuspiciousCreateSymbolicLink,DesiredAccess,1
SuspiciousCreateSymbolicLink,EffectiveTransmissionClass,1
SuspiciousCreateSymbolicLink,Entitlements,1
SuspiciousCreateSymbolicLink,EventOrigin,1
SuspiciousCreateSymbolicLink,ImageFileName,1
SuspiciousCreateSymbolicLink,PatternId,1
SuspiciousCreateSymbolicLink,Status,1
SuspiciousCreateSymbolicLink,SymbolicLinkName,1
SuspiciousCreateSymbolicLink,SymbolicLinkTarget,1
SuspiciousCreateSymbolicLink,aid,1
SuspiciousCreateSymbolicLink,aip,1
SuspiciousCreateSymbolicLink,cid,1
SuspiciousCreateSymbolicLink,event_platform,1
SuspiciousCreateSymbolicLink,event_simpleName,1
SuspiciousCreateSymbolicLink,id,1
SuspiciousCreateSymbolicLink,name,1
SuspiciousCreateSymbolicLink,timestamp,1
SuspiciousDnsRequest,ConfigBuild,3
SuspiciousDnsRequest,ConfigStateHash,3
SuspiciousDnsRequest,ContextProcessId,3
SuspiciousDnsRequest,ContextThreadId,3
SuspiciousDnsRequest,ContextTimeStamp,3
SuspiciousDnsRequest,DomainName,3
SuspiciousDnsRequest,DualRequest,3
SuspiciousDnsRequest,EffectiveTransmissionClass,3
SuspiciousDnsRequest,Entitlements,3
SuspiciousDnsRequest,EventOrigin,3
SuspiciousDnsRequest,InterfaceIndex,3
SuspiciousDnsRequest,RequestType,3
SuspiciousDnsRequest,aid,3
SuspiciousDnsRequest,aip,3
SuspiciousDnsRequest,cid,3
SuspiciousDnsRequest,event_platform,3
SuspiciousDnsRequest,event_simpleName,3
SuspiciousDnsRequest,id,3
SuspiciousDnsRequest,name,3
SuspiciousDnsRequest,timestamp,3
SuspiciousPrivilegedProcessHandle,AuthenticationId,1
SuspiciousPrivilegedProcessHandle,ComputerName,1
SuspiciousPrivilegedProcessHandle,ConfigBuild,1
SuspiciousPrivilegedProcessHandle,ConfigStateHash,1
SuspiciousPrivilegedProcessHandle,ContextProcessId,1
SuspiciousPrivilegedProcessHandle,ContextThreadId,1
SuspiciousPrivilegedProcessHandle,ContextTimeStamp,1
SuspiciousPrivilegedProcessHandle,DesiredAccess,1
SuspiciousPrivilegedProcessHandle,EffectiveTransmissionClass,1
SuspiciousPrivilegedProcessHandle,Entitlements,1
SuspiciousPrivilegedProcessHandle,EventOrigin,1
SuspiciousPrivilegedProcessHandle,HandleCreated,1
SuspiciousPrivilegedProcessHandle,IntegrityLevel,1
SuspiciousPrivilegedProcessHandle,SuspiciousHandleOpenReason,1
SuspiciousPrivilegedProcessHandle,TargetAuthenticationId,1
SuspiciousPrivilegedProcessHandle,TargetIntegrityLevel,1
SuspiciousPrivilegedProcessHandle,TargetProcessId,1
SuspiciousPrivilegedProcessHandle,aid,1
SuspiciousPrivilegedProcessHandle,event_platform,1
SuspiciousPrivilegedProcessHandle,event_simpleName,1
SuspiciousPrivilegedProcessHandle,id,1
SuspiciousPrivilegedProcessHandle,name,1
SuspiciousPrivilegedProcessHandle,timestamp,1
SuspiciousRegAsepUpdate,CommandLine,1
SuspiciousRegAsepUpdate,ConfigBuild,1
SuspiciousRegAsepUpdate,ConfigStateHash,1
SuspiciousRegAsepUpdate,ContextProcessId,1
SuspiciousRegAsepUpdate,ContextThreadId,1
SuspiciousRegAsepUpdate,ContextTimeStamp,1
SuspiciousRegAsepUpdate,EffectiveTransmissionClass,1
SuspiciousRegAsepUpdate,Entitlements,1
SuspiciousRegAsepUpdate,EventOrigin,1
SuspiciousRegAsepUpdate,ImageFileName,1
SuspiciousRegAsepUpdate,PatternId,1
SuspiciousRegAsepUpdate,RegConfigClass,1
SuspiciousRegAsepUpdate,RegConfigFlags,1
SuspiciousRegAsepUpdate,RegConfigIndex,1
SuspiciousRegAsepUpdate,RegConfigValueType,1
SuspiciousRegAsepUpdate,RegKeyName,1
SuspiciousRegAsepUpdate,RegObjectName,1
SuspiciousRegAsepUpdate,RegOperationType,1
SuspiciousRegAsepUpdate,RegStringValue,1
SuspiciousRegAsepUpdate,RegType,1
SuspiciousRegAsepUpdate,RegValueName,1
SuspiciousRegAsepUpdate,TargetCommandLineParameters,1
SuspiciousRegAsepUpdate,TargetFileName,1
SuspiciousRegAsepUpdate,TargetSHA256HashData,1
SuspiciousRegAsepUpdate,aid,1
SuspiciousRegAsepUpdate,aip,1
SuspiciousRegAsepUpdate,cid,1
SuspiciousRegAsepUpdate,event_platform,1
SuspiciousRegAsepUpdate,event_simpleName,1
SuspiciousRegAsepUpdate,id,1
SuspiciousRegAsepUpdate,name,1
SuspiciousRegAsepUpdate,timestamp,1
SyntheticPR2Stats,ConfigBuild,1
SyntheticPR2Stats,ConfigStateHash,1
SyntheticPR2Stats,EffectiveTransmissionClass,1
SyntheticPR2Stats,Entitlements,1
SyntheticPR2Stats,EventOrigin,1
SyntheticPR2Stats,ImageFileName,1
SyntheticPR2Stats,LocalAddressIP4,1
SyntheticPR2Stats,ProcessCount,1
SyntheticPR2Stats,RootExclusionProcessId,1
SyntheticPR2Stats,SyntheticPR2Flags,1
SyntheticPR2Stats,Timeout,1
SyntheticPR2Stats,UID,1
SyntheticPR2Stats,UserName,1
SyntheticPR2Stats,UserPrincipal,1
SyntheticPR2Stats,aid,1
SyntheticPR2Stats,aip,1
SyntheticPR2Stats,cid,1
SyntheticPR2Stats,event_platform,1
SyntheticPR2Stats,event_simpleName,1
SyntheticPR2Stats,id,1
SyntheticPR2Stats,name,1
SyntheticPR2Stats,timestamp,1
SyntheticProcessRollup2,CapPrm,2
SyntheticProcessRollup2,CommandLine,2
SyntheticProcessRollup2,ConfigBuild,2
SyntheticProcessRollup2,ConfigStateHash,2
SyntheticProcessRollup2,ContextTimeStamp,2
SyntheticProcessRollup2,EffectiveTransmissionClass,2
SyntheticProcessRollup2,Entitlements,2
SyntheticProcessRollup2,EventOrigin,2
SyntheticProcessRollup2,GID,2
SyntheticProcessRollup2,ImageFileName,2
SyntheticProcessRollup2,ParentProcessId,2
SyntheticProcessRollup2,ProcessEndTime,2
SyntheticProcessRollup2,ProcessGroupId,2
SyntheticProcessRollup2,ProcessStartTime,2
SyntheticProcessRollup2,RGID,2
SyntheticProcessRollup2,RUID,2
SyntheticProcessRollup2,RawProcessId,2
SyntheticProcessRollup2,SVGID,2
SyntheticProcessRollup2,SVUID,2
SyntheticProcessRollup2,SessionProcessId,2
SyntheticProcessRollup2,SourceProcessId,2
SyntheticProcessRollup2,SourceThreadId,2
SyntheticProcessRollup2,SyntheticPR2Flags,2
SyntheticProcessRollup2,TargetProcessId,2
SyntheticProcessRollup2,UID,2
SyntheticProcessRollup2,aid,2
SyntheticProcessRollup2,aip,2
SyntheticProcessRollup2,cid,2
SyntheticProcessRollup2,event_platform,2
SyntheticProcessRollup2,event_simpleName,2
SyntheticProcessRollup2,id,2
SyntheticProcessRollup2,name,2
SyntheticProcessRollup2,timestamp,2
SystemCapacity,ConfigBuild,1
SystemCapacity,ConfigStateHash,1
SystemCapacity,CpuClockSpeed,1
SystemCapacity,CpuFeaturesMask,1
SystemCapacity,CpuProcessorName,1
SystemCapacity,CpuSignature,1
SystemCapacity,CpuVendor,1
SystemCapacity,EffectiveTransmissionClass,1
SystemCapacity,Entitlements,1
SystemCapacity,LogicalCoreCount,1
SystemCapacity,MemoryTotal,1
SystemCapacity,PhysicalCoreCount,1
SystemCapacity,ProcessorPackageCount,1
SystemCapacity,aid,1
SystemCapacity,aip,1
SystemCapacity,cid,1
SystemCapacity,event_platform,1
SystemCapacity,event_simpleName,1
SystemCapacity,id,1
SystemCapacity,name,1
SystemCapacity,timestamp,1
SystemdServiceCreated,ComputerName,1
SystemdServiceCreated,ConfigBuild,1
SystemdServiceCreated,ConfigStateHash,1
SystemdServiceCreated,ContextTimeStamp,1
SystemdServiceCreated,EffectiveTransmissionClass,1
SystemdServiceCreated,Entitlements,1
SystemdServiceCreated,EventOrigin,1
SystemdServiceCreated,LocalAddressIP4,1
SystemdServiceCreated,SystemdUnitActiveState,1
SystemdServiceCreated,SystemdUnitFileState,1
SystemdServiceCreated,SystemdUnitLoadState,1
SystemdServiceCreated,SystemdUnitName,1
SystemdServiceCreated,SystemdUnitPath,1
SystemdServiceCreated,SystemdUnitProperties,1
SystemdServiceCreated,aid,1
SystemdServiceCreated,aip,1
SystemdServiceCreated,cid,1
SystemdServiceCreated,event_platform,1
SystemdServiceCreated,event_simpleName,1
SystemdServiceCreated,id,1
SystemdServiceCreated,name,1
SystemdServiceCreated,timestamp,1
TarFileWritten,ConfigBuild,2
TarFileWritten,ConfigStateHash,2
TarFileWritten,ContextBaseFileName,2
TarFileWritten,ContextProcessId,2
TarFileWritten,ContextThreadId,2
TarFileWritten,ContextTimeStamp,2
TarFileWritten,EffectiveTransmissionClass,2
TarFileWritten,Entitlements,2
TarFileWritten,EventOrigin,2
TarFileWritten,FileCategory,2
TarFileWritten,FileIdentifier,2
TarFileWritten,IsOnRemovableDisk,2
TarFileWritten,Size,2
TarFileWritten,TargetFileName,2
TarFileWritten,UserName,2
TarFileWritten,aid,2
TarFileWritten,aip,2
TarFileWritten,cid,2
TarFileWritten,event_platform,2
TarFileWritten,event_simpleName,2
TarFileWritten,id,2
TarFileWritten,name,2
TarFileWritten,timestamp,2
TcgPcrInfo,BiosChanged,1
TcgPcrInfo,BiosManufacturer,1
TcgPcrInfo,BiosReleaseDate,1
TcgPcrInfo,BiosVersion,1
TcgPcrInfo,ChangedPcrBitmap,1
TcgPcrInfo,ConfigBuild,1
TcgPcrInfo,ConfigStateHash,1
TcgPcrInfo,EffectiveTransmissionClass,1
TcgPcrInfo,Entitlements,1
TcgPcrInfo,EventOrigin,1
TcgPcrInfo,LocalAddressIP4,1
TcgPcrInfo,Pcr0,1
TcgPcrInfo,Pcr1,1
TcgPcrInfo,Pcr2,1
TcgPcrInfo,Pcr3,1
TcgPcrInfo,Pcr4,1
TcgPcrInfo,Pcr5,1
TcgPcrInfo,Pcr6,1
TcgPcrInfo,Pcr7,1
TcgPcrInfo,SystemSku,1
TcgPcrInfo,aid,1
TcgPcrInfo,aip,1
TcgPcrInfo,cid,1
TcgPcrInfo,event_platform,1
TcgPcrInfo,event_simpleName,1
TcgPcrInfo,id,1
TcgPcrInfo,name,1
TcgPcrInfo,timestamp,1
TerminateProcess,ConfigBuild,2
TerminateProcess,ConfigStateHash,2
TerminateProcess,ContextProcessId,2
TerminateProcess,ContextThreadId,2
TerminateProcess,ContextTimeStamp,2
TerminateProcess,EffectiveTransmissionClass,2
TerminateProcess,Entitlements,2
TerminateProcess,EventOrigin,2
TerminateProcess,RawProcessId,2
TerminateProcess,TargetProcessId,2
TerminateProcess,aid,2
TerminateProcess,aip,2
TerminateProcess,cid,2
TerminateProcess,event_platform,2
TerminateProcess,event_simpleName,2
TerminateProcess,id,2
TerminateProcess,name,2
TerminateProcess,timestamp,2
TiffFileWritten,Attacks,1
TiffFileWritten,Attacks.Tactic,1
TiffFileWritten,Attacks.Technique,1
TiffFileWritten,ConfigBuild,1
TiffFileWritten,ConfigStateHash,1
TiffFileWritten,ContextBaseFileName,1
TiffFileWritten,ContextProcessId,1
TiffFileWritten,ContextTimeStamp,1
TiffFileWritten,EffectiveTransmissionClass,1
TiffFileWritten,Entitlements,1
TiffFileWritten,EventOrigin,1
TiffFileWritten,FileCategory,1
TiffFileWritten,FileIdentifier,1
TiffFileWritten,IsOnRemovableDisk,1
TiffFileWritten,LocalAddressIP4,1
TiffFileWritten,Size,1
TiffFileWritten,TargetFileName,1
TiffFileWritten,UserName,1
TiffFileWritten,UserPrincipal,1
TiffFileWritten,aid,1
TiffFileWritten,aip,1
TiffFileWritten,cid,1
TiffFileWritten,event_platform,1
TiffFileWritten,event_simpleName,1
TiffFileWritten,id,1
TiffFileWritten,name,1
TiffFileWritten,timestamp,1
TlsClientHello,Attacks,1
TlsClientHello,Attacks.Tactic,1
TlsClientHello,Attacks.Technique,1
TlsClientHello,ContextProcessId,1
TlsClientHello,ContextTimeStamp,1
TlsClientHello,LocalAddressIP4,1
TlsClientHello,LocalPort,1
TlsClientHello,RemoteAddressIP4,1
TlsClientHello,RemotePort,1
TlsClientHello,TlsVersion,1
TlsClientHello,UserName,1
TlsClientHello,UserPrincipal,1
TlsClientHello,aid,1
TlsClientHello,aip,1
TlsClientHello,cid,1
TlsClientHello,event_platform,1
TlsClientHello,event_simpleName,1
TlsClientHello,id,1
TlsClientHello,name,1
TlsClientHello,timestamp,1
TokenImpersonated,ConfigBuild,1
TokenImpersonated,ConfigStateHash,1
TokenImpersonated,ContextProcessId,1
TokenImpersonated,EffectiveTransmissionClass,1
TokenImpersonated,Entitlements,1
TokenImpersonated,EventOrigin,1
TokenImpersonated,ImpersonatedUserName,1
TokenImpersonated,OriginalParentAuthenticationId,1
TokenImpersonated,OriginalUserName,1
TokenImpersonated,OriginalUserSid,1
TokenImpersonated,ParentAuthenticationId,1
TokenImpersonated,PatternId,1
TokenImpersonated,aid,1
TokenImpersonated,aip,1
TokenImpersonated,cid,1
TokenImpersonated,event_platform,1
TokenImpersonated,event_simpleName,1
TokenImpersonated,id,1
TokenImpersonated,name,1
TokenImpersonated,timestamp,1
UnsignedModuleLoad,ConfigBuild,1
UnsignedModuleLoad,ConfigStateHash,1
UnsignedModuleLoad,ContextProcessId,1
UnsignedModuleLoad,ContextThreadId,1
UnsignedModuleLoad,ContextTimeStamp,1
UnsignedModuleLoad,EffectiveTransmissionClass,1
UnsignedModuleLoad,Entitlements,1
UnsignedModuleLoad,EventOrigin,1
UnsignedModuleLoad,ExtendedKeyUsages,1
UnsignedModuleLoad,ImageFileName,1
UnsignedModuleLoad,MappedFromUserMode,1
UnsignedModuleLoad,ModuleCharacteristics,1
UnsignedModuleLoad,PublicKeys,1
UnsignedModuleLoad,SHA256HashData,1
UnsignedModuleLoad,SignatureErrorState,1
UnsignedModuleLoad,SignatureState,1
UnsignedModuleLoad,TargetProcessId,1
UnsignedModuleLoad,aid,1
UnsignedModuleLoad,aip,1
UnsignedModuleLoad,cid,1
UnsignedModuleLoad,event_platform,1
UnsignedModuleLoad,event_simpleName,1
UnsignedModuleLoad,id,1
UnsignedModuleLoad,name,1
UnsignedModuleLoad,timestamp,1
UserAccountAddedToGroup,ConfigBuild,1
UserAccountAddedToGroup,ConfigStateHash,1
UserAccountAddedToGroup,ContextTimeStamp,1
UserAccountAddedToGroup,DomainSid,1
UserAccountAddedToGroup,EffectiveTransmissionClass,1
UserAccountAddedToGroup,Entitlements,1
UserAccountAddedToGroup,EventOrigin,1
UserAccountAddedToGroup,GroupRid,1
UserAccountAddedToGroup,InterfaceGuid,1
UserAccountAddedToGroup,InterfaceVersion,1
UserAccountAddedToGroup,RpcClientProcessId,1
UserAccountAddedToGroup,RpcClientThreadId,1
UserAccountAddedToGroup,RpcNestingLevel,1
UserAccountAddedToGroup,RpcOpNum,1
UserAccountAddedToGroup,UserRid,1
UserAccountAddedToGroup,aid,1
UserAccountAddedToGroup,aip,1
UserAccountAddedToGroup,cid,1
UserAccountAddedToGroup,event_platform,1
UserAccountAddedToGroup,event_simpleName,1
UserAccountAddedToGroup,id,1
UserAccountAddedToGroup,name,1
UserAccountAddedToGroup,timestamp,1
UserAccountCreated,ConfigBuild,1
UserAccountCreated,ConfigStateHash,1
UserAccountCreated,ContextTimeStamp,1
UserAccountCreated,EffectiveTransmissionClass,1
UserAccountCreated,Entitlements,1
UserAccountCreated,EventOrigin,1
UserAccountCreated,InterfaceGuid,1
UserAccountCreated,InterfaceVersion,1
UserAccountCreated,RpcNestingLevel,1
UserAccountCreated,RpcOpNum,1
UserAccountCreated,UserName,1
UserAccountCreated,UserRid,1
UserAccountCreated,aid,1
UserAccountCreated,aip,1
UserAccountCreated,cid,1
UserAccountCreated,event_platform,1
UserAccountCreated,event_simpleName,1
UserAccountCreated,id,1
UserAccountCreated,name,1
UserAccountCreated,timestamp,1
UserAccountDeleted,ConfigBuild,1
UserAccountDeleted,ConfigStateHash,1
UserAccountDeleted,ContextTimeStamp,1
UserAccountDeleted,EffectiveTransmissionClass,1
UserAccountDeleted,Entitlements,1
UserAccountDeleted,EventOrigin,1
UserAccountDeleted,InterfaceGuid,1
UserAccountDeleted,InterfaceVersion,1
UserAccountDeleted,RpcClientProcessId,1
UserAccountDeleted,RpcClientThreadId,1
UserAccountDeleted,RpcNestingLevel,1
UserAccountDeleted,RpcOpNum,1
UserAccountDeleted,UserName,1
UserAccountDeleted,UserRid,1
UserAccountDeleted,aid,1
UserAccountDeleted,aip,1
UserAccountDeleted,cid,1
UserAccountDeleted,event_platform,1
UserAccountDeleted,event_simpleName,1
UserAccountDeleted,id,1
UserAccountDeleted,name,1
UserAccountDeleted,timestamp,1
UserExceptionDEP,BoundingLimitCount,1
UserExceptionDEP,BoundingLimitDuration,1
UserExceptionDEP,ConfigBuild,1
UserExceptionDEP,ConfigStateHash,1
UserExceptionDEP,ContextProcessId,1
UserExceptionDEP,ContextThreadId,1
UserExceptionDEP,ContextTimeStamp,1
UserExceptionDEP,EffectiveTransmissionClass,1
UserExceptionDEP,Entitlements,1
UserExceptionDEP,EventOrigin,1
UserExceptionDEP,ExceptionAddress,1
UserExceptionDEP,ExceptionCode,1
UserExceptionDEP,ExceptionInformation0,1
UserExceptionDEP,FullContext,1
UserExceptionDEP,FullExceptionRecord,1
UserExceptionDEP,aid,1
UserExceptionDEP,aip,1
UserExceptionDEP,cid,1
UserExceptionDEP,event_platform,1
UserExceptionDEP,event_simpleName,1
UserExceptionDEP,id,1
UserExceptionDEP,name,1
UserExceptionDEP,timestamp,1
UserFontLoad,BoundingLimitCount,1
UserFontLoad,BoundingLimitDuration,1
UserFontLoad,ConfigBuild,1
UserFontLoad,ConfigStateHash,1
UserFontLoad,ContextProcessId,1
UserFontLoad,ContextThreadId,1
UserFontLoad,ContextTimeStamp,1
UserFontLoad,EffectiveTransmissionClass,1
UserFontLoad,Entitlements,1
UserFontLoad,EventOrigin,1
UserFontLoad,FontBuffer,1
UserFontLoad,FontBufferLength,1
UserFontLoad,FontFileCount,1
UserFontLoad,FontFileName,1
UserFontLoad,FontLoadOperation,1
UserFontLoad,aid,1
UserFontLoad,aip,1
UserFontLoad,cid,1
UserFontLoad,event_platform,1
UserFontLoad,event_simpleName,1
UserFontLoad,id,1
UserFontLoad,name,1
UserFontLoad,timestamp,1
UserIdentity,AuthenticationId,4
UserIdentity,AuthenticationPackage,4
UserIdentity,AuthenticationUuid,4
UserIdentity,AuthenticationUuidAsString,4
UserIdentity,ConfigBuild,4
UserIdentity,ConfigStateHash,4
UserIdentity,ContextProcessId,4
UserIdentity,ContextThreadId,4
UserIdentity,EffectiveTransmissionClass,4
UserIdentity,Entitlements,4
UserIdentity,EventOrigin,4
UserIdentity,LoginSessionId,4
UserIdentity,LogonDomain,4
UserIdentity,LogonId,4
UserIdentity,LogonServer,4
UserIdentity,LogonTime,4
UserIdentity,LogonType,4
UserIdentity,PasswordLastSet,4
UserIdentity,RemoteAccount,4
UserIdentity,ResendToCloud,4
UserIdentity,SessionId,4
UserIdentity,UID,4
UserIdentity,UserCanonical,4
UserIdentity,UserFlags,4
UserIdentity,UserIsAdmin,4
UserIdentity,UserLogonFlags,4
UserIdentity,UserName,4
UserIdentity,UserPrincipal,4
UserIdentity,UserSid,4
UserIdentity,aid,4
UserIdentity,aip,4
UserIdentity,cid,4
UserIdentity,event_platform,4
UserIdentity,event_simpleName,4
UserIdentity,id,4
UserIdentity,name,4
UserIdentity,timestamp,4
UserLogoff,AuthenticationId,4
UserLogoff,AuthenticationPackage,4
UserLogoff,ConfigBuild,4
UserLogoff,ConfigStateHash,4
UserLogoff,EffectiveTransmissionClass,4
UserLogoff,Entitlements,4
UserLogoff,EventOrigin,4
UserLogoff,LogoffTime,4
UserLogoff,LogonDomain,4
UserLogoff,LogonServer,4
UserLogoff,LogonTime,4
UserLogoff,LogonType,4
UserLogoff,PasswordLastSet,4
UserLogoff,RemoteAccount,4
UserLogoff,UTCTimestamp,4
UserLogoff,UserFlags,4
UserLogoff,UserIsAdmin,4
UserLogoff,UserLogoffType,4
UserLogoff,UserLogonFlags,4
UserLogoff,UserName,4
UserLogoff,UserPrincipal,4
UserLogoff,UserSid,4
UserLogoff,aid,4
UserLogoff,aip,4
UserLogoff,cid,4
UserLogoff,event_platform,4
UserLogoff,event_simpleName,4
UserLogoff,id,4
UserLogoff,name,4
UserLogoff,timestamp,4
UserLogon,AuthenticationId,2
UserLogon,AuthenticationPackage,2
UserLogon,ClientComputerName,2
UserLogon,ConfigBuild,2
UserLogon,ConfigStateHash,2
UserLogon,ContextProcessId,2
UserLogon,ContextThreadId,2
UserLogon,ContextTimeStamp,2
UserLogon,EffectiveTransmissionClass,2
UserLogon,EnabledPrivilegesBitmask,2
UserLogon,Entitlements,2
UserLogon,EventOrigin,2
UserLogon,LogonDomain,2
UserLogon,LogonServer,2
UserLogon,LogonTime,2
UserLogon,LogonType,2
UserLogon,PasswordLastSet,2
UserLogon,PrivilegesBitmask,2
UserLogon,RemoteAccount,2
UserLogon,UserFlags,2
UserLogon,UserGroupsBitmask,2
UserLogon,UserIsAdmin,2
UserLogon,UserLogonFlags,2
UserLogon,UserName,2
UserLogon,UserPrincipal,2
UserLogon,UserSid,2
UserLogon,aid,2
UserLogon,aip,2
UserLogon,cid,2
UserLogon,event_platform,2
UserLogon,event_simpleName,2
UserLogon,id,2
UserLogon,name,2
UserLogon,timestamp,2
UserLogonFailed,ConfigBuild,2
UserLogonFailed,ConfigStateHash,2
UserLogonFailed,ContextProcessId,2
UserLogonFailed,ContextThreadId,2
UserLogonFailed,ContextTimeStamp,2
UserLogonFailed,EffectiveTransmissionClass,2
UserLogonFailed,Entitlements,2
UserLogonFailed,EventOrigin,2
UserLogonFailed,LogonTime,2
UserLogonFailed,PasswordLastSet,2
UserLogonFailed,TreeId,2
UserLogonFailed,UserLogonFlags,2
UserLogonFailed,UserName,2
UserLogonFailed,UserSid,2
UserLogonFailed,aid,2
UserLogonFailed,aip,2
UserLogonFailed,cid,2
UserLogonFailed,event_platform,2
UserLogonFailed,event_simpleName,2
UserLogonFailed,id,2
UserLogonFailed,name,2
UserLogonFailed,timestamp,2
UserLogonFailed2,ClientComputerName,2
UserLogonFailed2,ConfigBuild,2
UserLogonFailed2,ConfigStateHash,2
UserLogonFailed2,ContextProcessId,2
UserLogonFailed2,ContextThreadId,2
UserLogonFailed2,ContextTimeStamp,2
UserLogonFailed2,EffectiveTransmissionClass,2
UserLogonFailed2,Entitlements,2
UserLogonFailed2,EtwRawProcessId,2
UserLogonFailed2,EtwRawThreadId,2
UserLogonFailed2,EventOrigin,2
UserLogonFailed2,LogonDomain,2
UserLogonFailed2,LogonType,2
UserLogonFailed2,RawProcessId,2
UserLogonFailed2,RemoteAddressIP4,2
UserLogonFailed2,Status,2
UserLogonFailed2,SubStatus,2
UserLogonFailed2,TargetProcessId,2
UserLogonFailed2,UserName,2
UserLogonFailed2,aid,2
UserLogonFailed2,aip,2
UserLogonFailed2,cid,2
UserLogonFailed2,event_platform,2
UserLogonFailed2,event_simpleName,2
UserLogonFailed2,id,2
UserLogonFailed2,name,2
UserLogonFailed2,timestamp,2
VolumeSnapshotCreated,AuthenticationId,1
VolumeSnapshotCreated,ConfigBuild,1
VolumeSnapshotCreated,ConfigStateHash,1
VolumeSnapshotCreated,ContextProcessId,1
VolumeSnapshotCreated,ContextThreadId,1
VolumeSnapshotCreated,ContextTimeStamp,1
VolumeSnapshotCreated,EffectiveTransmissionClass,1
VolumeSnapshotCreated,Entitlements,1
VolumeSnapshotCreated,EventOrigin,1
VolumeSnapshotCreated,InterfaceGuid,1
VolumeSnapshotCreated,InterfaceVersion,1
VolumeSnapshotCreated,RpcClientProcessId,1
VolumeSnapshotCreated,RpcClientThreadId,1
VolumeSnapshotCreated,RpcNestingLevel,1
VolumeSnapshotCreated,RpcOpNum,1
VolumeSnapshotCreated,TargetFileName,1
VolumeSnapshotCreated,TokenType,1
VolumeSnapshotCreated,UserName,1
VolumeSnapshotCreated,aid,1
VolumeSnapshotCreated,aip,1
VolumeSnapshotCreated,cid,1
VolumeSnapshotCreated,event_platform,1
VolumeSnapshotCreated,event_simpleName,1
VolumeSnapshotCreated,id,1
VolumeSnapshotCreated,name,1
VolumeSnapshotCreated,timestamp,1
VolumeSnapshotDeleted,AuthenticationId,1
VolumeSnapshotDeleted,CommandLine,1
VolumeSnapshotDeleted,ConfigBuild,1
VolumeSnapshotDeleted,ConfigStateHash,1
VolumeSnapshotDeleted,ContextProcessId,1
VolumeSnapshotDeleted,ContextThreadId,1
VolumeSnapshotDeleted,ContextTimeStamp,1
VolumeSnapshotDeleted,EffectiveTransmissionClass,1
VolumeSnapshotDeleted,Entitlements,1
VolumeSnapshotDeleted,EventOrigin,1
VolumeSnapshotDeleted,ImageFileName,1
VolumeSnapshotDeleted,InterfaceGuid,1
VolumeSnapshotDeleted,InterfaceVersion,1
VolumeSnapshotDeleted,RpcClientProcessId,1
VolumeSnapshotDeleted,RpcClientThreadId,1
VolumeSnapshotDeleted,RpcNestingLevel,1
VolumeSnapshotDeleted,RpcOpNum,1
VolumeSnapshotDeleted,SHA256HashData,1
VolumeSnapshotDeleted,TokenType,1
VolumeSnapshotDeleted,UserName,1
VolumeSnapshotDeleted,VolumeDriveLetter,1
VolumeSnapshotDeleted,VolumeName,1
VolumeSnapshotDeleted,VolumeSnapshotName,1
VolumeSnapshotDeleted,aid,1
VolumeSnapshotDeleted,aip,1
VolumeSnapshotDeleted,cid,1
VolumeSnapshotDeleted,event_platform,1
VolumeSnapshotDeleted,event_simpleName,1
VolumeSnapshotDeleted,id,1
VolumeSnapshotDeleted,name,1
VolumeSnapshotDeleted,timestamp,1
WSLDistributionStarted,ComputerName,1
WSLDistributionStarted,ConfigBuild,1
WSLDistributionStarted,ConfigStateHash,1
WSLDistributionStarted,ContextProcessId,1
WSLDistributionStarted,ContextThreadId,1
WSLDistributionStarted,ContextTimeStamp,1
WSLDistributionStarted,EffectiveTransmissionClass,1
WSLDistributionStarted,Entitlements,1
WSLDistributionStarted,EventOrigin,1
WSLDistributionStarted,ProcessStartKey,1
WSLDistributionStarted,RawProcessId,1
WSLDistributionStarted,RawThreadId,1
WSLDistributionStarted,UserSid,1
WSLDistributionStarted,WSLDistributionFlavor,1
WSLDistributionStarted,WSLDistributionId,1
WSLDistributionStarted,WSLDistributionName,1
WSLDistributionStarted,WSLDistributionVersion,1
WSLDistributionStarted,WSLPIDNamespace,1
WSLDistributionStarted,WSLPluginAPIMajor,1
WSLDistributionStarted,WSLPluginAPIMinor,1
WSLDistributionStarted,WSLPluginAPIRevision,1
WSLDistributionStarted,WSLSessionId,1
WSLDistributionStarted,aid,1
WSLDistributionStarted,aip,1
WSLDistributionStarted,cid,1
WSLDistributionStarted,event_platform,1
WSLDistributionStarted,event_simpleName,1
WSLDistributionStarted,id,1
WSLDistributionStarted,name,1
WSLDistributionStarted,timestamp,1
WmiCreateProcess,AuthenticationId,1
WmiCreateProcess,BoundingLimitCount,1
WmiCreateProcess,BoundingLimitDuration,1
WmiCreateProcess,CommandLine,1
WmiCreateProcess,ConfigBuild,1
WmiCreateProcess,ConfigStateHash,1
WmiCreateProcess,ContextTimeStamp,1
WmiCreateProcess,EffectiveTransmissionClass,1
WmiCreateProcess,Entitlements,1
WmiCreateProcess,EventOrigin,1
WmiCreateProcess,ImageFileName,1
WmiCreateProcess,RpcClientProcessId,1
WmiCreateProcess,RpcClientThreadId,1
WmiCreateProcess,TargetProcessId,1
WmiCreateProcess,TokenType,1
WmiCreateProcess,UserName,1
WmiCreateProcess,aid,1
WmiCreateProcess,aip,1
WmiCreateProcess,cid,1
WmiCreateProcess,event_platform,1
WmiCreateProcess,event_simpleName,1
WmiCreateProcess,id,1
WmiCreateProcess,name,1
WmiCreateProcess,timestamp,1
WmiProviderRegistrationEtw,ClientComputerName,1
WmiProviderRegistrationEtw,CommandLine,1
WmiProviderRegistrationEtw,ConfigBuild,1
WmiProviderRegistrationEtw,ConfigStateHash,1
WmiProviderRegistrationEtw,ContextProcessId,1
WmiProviderRegistrationEtw,ContextTimeStamp,1
WmiProviderRegistrationEtw,EffectiveTransmissionClass,1
WmiProviderRegistrationEtw,Entitlements,1
WmiProviderRegistrationEtw,EtwRawProcessId,1
WmiProviderRegistrationEtw,EventOrigin,1
WmiProviderRegistrationEtw,ImageFileName,1
WmiProviderRegistrationEtw,PatternId,1
WmiProviderRegistrationEtw,PerformanceCounter,1
WmiProviderRegistrationEtw,ProcessStartTime,1
WmiProviderRegistrationEtw,UserName,1
WmiProviderRegistrationEtw,WmiProviderName,1
WmiProviderRegistrationEtw,WmiProviderType,1
WmiProviderRegistrationEtw,aid,1
WmiProviderRegistrationEtw,aip,1
WmiProviderRegistrationEtw,cid,1
WmiProviderRegistrationEtw,event_platform,1
WmiProviderRegistrationEtw,event_simpleName,1
WmiProviderRegistrationEtw,id,1
WmiProviderRegistrationEtw,name,1
WmiProviderRegistrationEtw,timestamp,1
WroteExeAndGeneratedServiceEvent,ConfigBuild,1
WroteExeAndGeneratedServiceEvent,ConfigStateHash,1
WroteExeAndGeneratedServiceEvent,ContextProcessId,1
WroteExeAndGeneratedServiceEvent,EffectiveTransmissionClass,1
WroteExeAndGeneratedServiceEvent,Entitlements,1
WroteExeAndGeneratedServiceEvent,EventOrigin,1
WroteExeAndGeneratedServiceEvent,aid,1
WroteExeAndGeneratedServiceEvent,aip,1
WroteExeAndGeneratedServiceEvent,cid,1
WroteExeAndGeneratedServiceEvent,event_platform,1
WroteExeAndGeneratedServiceEvent,event_simpleName,1
WroteExeAndGeneratedServiceEvent,id,1
WroteExeAndGeneratedServiceEvent,name,1
WroteExeAndGeneratedServiceEvent,timestamp,1
XarFileWritten,ConfigBuild,1
XarFileWritten,ConfigStateHash,1
XarFileWritten,ContextBaseFileName,1
XarFileWritten,ContextProcessId,1
XarFileWritten,ContextThreadId,1
XarFileWritten,ContextTimeStamp,1
XarFileWritten,EffectiveTransmissionClass,1
XarFileWritten,Entitlements,1
XarFileWritten,EventOrigin,1
XarFileWritten,FileCategory,1
XarFileWritten,FileIdentifier,1
XarFileWritten,IsOnRemovableDisk,1
XarFileWritten,Size,1
XarFileWritten,TargetFileName,1
XarFileWritten,UserName,1
XarFileWritten,aid,1
XarFileWritten,aip,1
XarFileWritten,cid,1
XarFileWritten,event_platform,1
XarFileWritten,event_simpleName,1
XarFileWritten,id,1
XarFileWritten,name,1
XarFileWritten,timestamp,1
XumdHookEvent,BaseModuleName,1
XumdHookEvent,CommandLine,1
XumdHookEvent,ComputerName,1
XumdHookEvent,ConfigBuild,1
XumdHookEvent,ConfigStateHash,1
XumdHookEvent,ContextProcessId,1
XumdHookEvent,ContextTimeStamp,1
XumdHookEvent,EffectiveTransmissionClass,1
XumdHookEvent,Entitlements,1
XumdHookEvent,EventOrigin,1
XumdHookEvent,ImageFileName,1
XumdHookEvent,LocalAddressIP4,1
XumdHookEvent,ModuleExportName,1
XumdHookEvent,PatternId,1
XumdHookEvent,PatternIdList,1
XumdHookEvent,TemplateInstanceId,1
XumdHookEvent,aid,1
XumdHookEvent,aip,1
XumdHookEvent,cid,1
XumdHookEvent,event_platform,1
XumdHookEvent,event_simpleName,1
XumdHookEvent,id,1
XumdHookEvent,name,1
XumdHookEvent,timestamp,1
XumdStatus,ConfigBuild,1
XumdStatus,ConfigStateHash,1
XumdStatus,EffectiveTransmissionClass,1
XumdStatus,Entitlements,1
XumdStatus,EventOrigin,1
XumdStatus,LocalAddressIP4,1
XumdStatus,Status,1
XumdStatus,XumdInjectionFailureCount,1
XumdStatus,XumdInjectionSuccessCount,1
XumdStatus,XumdProcessErrorStatusString,1
XumdStatus,XumdStatusReason,1
XumdStatus,XumdStatusVersion,1
XumdStatus,XumdSuccessStatusString,1
XumdStatus,aid,1
XumdStatus,aip,1
XumdStatus,cid,1
XumdStatus,event_platform,1
XumdStatus,event_simpleName,1
XumdStatus,id,1
XumdStatus,name,1
XumdStatus,timestamp,1
XzFileWritten,Attacks,1
XzFileWritten,Attacks.Tactic,1
XzFileWritten,Attacks.Technique,1
XzFileWritten,ConfigBuild,1
XzFileWritten,ConfigStateHash,1
XzFileWritten,ContextProcessId,1
XzFileWritten,ContextTimeStamp,1
XzFileWritten,EffectiveTransmissionClass,1
XzFileWritten,Entitlements,1
XzFileWritten,EventOrigin,1
XzFileWritten,FileCategory,1
XzFileWritten,FileIdentifier,1
XzFileWritten,IsOnRemovableDisk,1
XzFileWritten,LocalAddressIP4,1
XzFileWritten,Size,1
XzFileWritten,TargetFileName,1
XzFileWritten,UserName,1
XzFileWritten,UserPrincipal,1
XzFileWritten,aid,1
XzFileWritten,aip,1
XzFileWritten,cid,1
XzFileWritten,event_platform,1
XzFileWritten,event_simpleName,1
XzFileWritten,id,1
XzFileWritten,name,1
XzFileWritten,timestamp,1
ZipFileWritten,AuthenticationId,2
ZipFileWritten,ConfigBuild,2
ZipFileWritten,ConfigStateHash,2
ZipFileWritten,ContextBaseFileName,2
ZipFileWritten,ContextProcessId,2
ZipFileWritten,ContextThreadId,2
ZipFileWritten,ContextTimeStamp,2
ZipFileWritten,DiskParentDeviceInstanceId,2
ZipFileWritten,EffectiveTransmissionClass,2
ZipFileWritten,Entitlements,2
ZipFileWritten,EventOrigin,2
ZipFileWritten,FileCategory,2
ZipFileWritten,FileEcpBitmask,2
ZipFileWritten,FileIdentifier,2
ZipFileWritten,FileObject,2
ZipFileWritten,FileOperatorSid,2
ZipFileWritten,FileWrittenFlags,2
ZipFileWritten,IrpFlags,2
ZipFileWritten,IsOnNetwork,2
ZipFileWritten,IsOnRemovableDisk,2
ZipFileWritten,MajorFunction,2
ZipFileWritten,MinorFunction,2
ZipFileWritten,OperationFlags,2
ZipFileWritten,Size,2
ZipFileWritten,TargetFileName,2
ZipFileWritten,TokenType,2
ZipFileWritten,aid,2
ZipFileWritten,aip,2
ZipFileWritten,cid,2
ZipFileWritten,event_platform,2
ZipFileWritten,event_simpleName,2
ZipFileWritten,id,2
ZipFileWritten,name,2
ZipFileWritten,timestamp,2
ZstdFileWritten,Attacks,1
ZstdFileWritten,Attacks.Tactic,1
ZstdFileWritten,Attacks.Technique,1
ZstdFileWritten,ConfigBuild,1
ZstdFileWritten,ConfigStateHash,1
ZstdFileWritten,ContextProcessId,1
ZstdFileWritten,ContextTimeStamp,1
ZstdFileWritten,EffectiveTransmissionClass,1
ZstdFileWritten,Entitlements,1
ZstdFileWritten,EventOrigin,1
ZstdFileWritten,FileCategory,1
ZstdFileWritten,FileIdentifier,1
ZstdFileWritten,IsOnRemovableDisk,1
ZstdFileWritten,LocalAddressIP4,1
ZstdFileWritten,Size,1
ZstdFileWritten,TargetFileName,1
ZstdFileWritten,UserName,1
ZstdFileWritten,UserPrincipal,1
ZstdFileWritten,aid,1
ZstdFileWritten,aip,1
ZstdFileWritten,cid,1
ZstdFileWritten,event_platform,1
ZstdFileWritten,event_simpleName,1
ZstdFileWritten,id,1
ZstdFileWritten,name,1
ZstdFileWritten,timestamp,1
